x,y,z
7,27,32
7,28,31
7,28,32
7,28,33
7,28,34
7,29,31
7,29,32
7,29,33
7,29,34
7,29,35
7,30,30
7,30,31
7,30,32
7,30,33
7,30,34
7,30,35
7,30,36
7,31,30
7,31,31
7,31,32
7,31,33
7,31,34
7,31,35
7,31,36
7,32,30
7,32,31
7,32,32
7,32,33
7,32,34
7,32,35
7,32,36
7,33,30
7,33,31
7,33,32
7,33,33
7,33,34
7,33,35
7,33,36
7,34,36
8,26,35
8,27,32
8,27,33
8,27,34
8,27,35
8,27,36
8,28,31
8,28,32
8,28,33
8,28,34
8,28,35
8,28,36
8,29,31
8,29,32
8,29,33
8,29,34
8,29,35
8,29,36
8,29,37
8,30,30
8,30,31
8,30,32
8,30,33
8,30,34
8,30,35
8,30,36
8,30,37
8,30,38
8,31,30
8,31,31
8,31,32
8,31,33
8,31,34
8,31,35
8,31,36
8,31,37
8,31,38
8,32,30
8,32,31
8,32,32
8,32,33
8,32,34
8,32,35
8,32,36
8,32,37
8,32,38
8,33,31
8,33,32
8,33,33
8,33,34
8,33,35
8,33,36
8,33,37
8,33,38
8,34,35
8,34,36
8,34,37
8,34,38
9,26,35
9,26,36
9,26,37
9,26,38
9,27,32
9,27,33
9,27,34
9,27,35
9,27,36
9,27,37
9,27,38
9,27,39
9,28,31
9,28,32
9,28,33
9,28,34
9,28,35
9,28,36
9,28,37
9,28,38
9,28,39
9,29,31
9,29,32
9,29,33
9,29,34
9,29,35
9,29,36
9,29,37
9,29,38
9,29,39
9,29,40
9,30,30
9,30,31
9,30,32
9,30,33
9,30,34
9,30,35
9,30,36
9,30,37
9,30,38
9,30,39
9,30,40
9,31,31
9,31,32
9,31,33
9,31,34
9,31,35
9,31,36
9,31,37
9,31,38
9,31,39
9,31,40
9,32,31
9,32,32
9,32,33
9,32,34
9,32,35
9,32,36
9,32,37
9,32,38
9,32,39
9,32,40
9,33,32
9,33,33
9,33,34
9,33,35
9,33,36
9,33,37
9,33,38
9,33,39
9,33,40
9,34,34
9,34,35
9,34,36
9,34,37
9,34,38
9,34,39
9,34,40
9,44,24
9,44,25
9,44,26
9,45,23
9,45,24
9,45,25
9,45,26
9,45,27
9,45,28
9,45,29
9,46,23
9,46,24
9,46,25
9,46,26
9,46,27
9,46,28
9,46,29
9,46,30
9,47,25
9,47,26
9,47,27
9,47,28
9,47,29
9,47,30
10,24,20
10,26,36
10,26,37
10,26,38
10,26,39
10,26,40
10,27,33
10,27,34
10,27,35
10,27,36
10,27,37
10,27,38
10,27,39
10,27,40
10,28,32
10,28,33
10,28,34
10,28,35
10,28,36
10,28,37
10,28,38
10,28,39
10,28,40
10,29,31
10,29,32
10,29,33
10,29,34
10,29,35
10,29,36
10,29,37
10,29,38
10,29,39
10,29,40
10,30,31
10,30,32
10,30,33
10,30,34
10,30,35
10,30,36
10,30,37
10,30,38
10,30,39
10,30,40
10,30,41
10,31,31
10,31,32
10,31,33
10,31,34
10,31,35
10,31,36
10,31,37
10,31,38
10,31,39
10,31,40
10,31,41
10,32,32
10,32,33
10,32,34
10,32,35
10,32,36
10,32,37
10,32,38
10,32,39
10,32,40
10,32,41
10,33,33
10,33,34
10,33,35
10,33,36
10,33,37
10,33,38
10,33,39
10,33,40
10,33,41
10,44,24
10,44,25
10,44,26
10,44,27
10,44,28
10,44,29
10,45,23
10,45,24
10,45,25
10,45,26
10,45,27
10,45,28
10,45,29
10,45,30
10,46,22
10,46,23
10,46,24
10,46,25
10,46,26
10,46,27
10,46,28
10,46,29
10,46,30
10,46,31
10,47,23
10,47,24
10,47,25
10,47,26
10,47,27
10,47,28
10,47,29
10,47,30
10,47,31
10,48,24
10,48,25
10,48,26
10,48,27
11,21,13
11,21,14
11,22,11
11,22,12
11,22,13
11,22,14
11,22,15
11,23,11
11,23,12
11,23,13
11,23,14
11,23,19
11,24,19
11,24,20
11,25,20
11,25,21
11,26,38
11,26,39
11,26,40
11,26,41
11,27,34
11,27,35
11,27,36
11,27,37
11,27,38
11,27,39
11,27,40
11,27,41
11,27,42
11,28,32
11,28,33
11,28,34
11,28,35
11,28,36
11,28,37
11,28,38
11,28,39
11,28,40
11,28,41
11,28,42
11,29,31
11,29,32
11,29,33
11,29,34
11,29,35
11,29,36
11,29,37
11,29,38
11,29,39
11,29,40
11,29,41
11,29,42
11,30,31
11,30,32
11,30,33
11,30,34
11,30,35
11,30,36
11,30,37
11,30,38
11,30,39
11,30,40
11,30,41
11,30,42
11,31,33
11,31,34
11,31,35
11,31,36
11,31,37
11,31,38
11,31,39
11,31,40
11,31,41
11,31,42
11,32,33
11,32,34
11,32,35
11,32,36
11,32,37
11,32,38
11,32,39
11,32,40
11,32,41
11,32,42
11,33,34
11,33,35
11,33,36
11,33,37
11,33,38
11,33,39
11,33,40
11,43,25
11,43,26
11,43,27
11,43,28
11,43,29
11,43,30
11,44,24
11,44,25
11,44,26
11,44,27
11,44,28
11,44,29
11,44,30
11,44,31
11,45,22
11,45,23
11,45,24
11,45,25
11,45,26
11,45,27
11,45,28
11,45,29
11,45,30
11,45,31
11,45,32
11,45,38
11,46,21
11,46,22
11,46,23
11,46,24
11,46,25
11,46,26
11,46,27
11,46,28
11,46,29
11,46,30
11,46,31
11,46,32
11,46,33
11,46,34
11,47,21
11,47,22
11,47,23
11,47,24
11,47,25
11,47,26
11,47,27
11,47,28
11,47,29
11,47,30
11,47,31
11,47,32
11,47,33
11,48,21
11,48,22
11,48,23
11,48,24
11,48,25
11,48,26
11,48,27
11,48,28
11,48,29
12,20,14
12,21,12
12,21,13
12,21,14
12,22,12
12,22,13
12,22,14
12,23,12
12,23,13
12,23,14
12,24,12
12,24,13
12,24,20
12,25,20
12,25,21
12,25,42
12,26,20
12,26,21
12,26,39
12,26,40
12,26,41
12,26,42
12,27,35
12,27,36
12,27,37
12,27,38
12,27,39
12,27,40
12,27,41
12,27,42
12,28,33
12,28,34
12,28,35
12,28,36
12,28,37
12,28,38
12,28,39
12,28,40
12,28,41
12,28,42
12,29,32
12,29,33
12,29,34
12,29,35
12,29,36
12,29,37
12,29,38
12,29,39
12,29,40
12,29,41
12,29,42
12,30,33
12,30,34
12,30,35
12,30,36
12,30,37
12,30,38
12,30,39
12,30,40
12,30,41
12,30,42
12,30,43
12,31,34
12,31,35
12,31,36
12,31,37
12,31,38
12,31,39
12,31,40
12,31,41
12,31,42
12,31,43
12,32,34
12,32,35
12,32,36
12,32,37
12,32,38
12,32,39
12,32,40
12,42,41
12,43,25
12,43,26
12,43,27
12,43,28
12,43,29
12,43,30
12,43,31
12,43,40
12,44,23
12,44,24
12,44,25
12,44,26
12,44,27
12,44,28
12,44,29
12,44,30
12,44,31
12,44,32
12,44,33
12,44,36
12,44,37
12,44,38
12,44,39
12,44,40
12,45,21
12,45,22
12,45,23
12,45,24
12,45,25
12,45,26
12,45,27
12,45,28
12,45,29
12,45,30
12,45,31
12,45,32
12,45,33
12,45,34
12,45,35
12,45,36
12,45,37
12,45,38
12,45,39
12,45,40
12,46,21
12,46,22
12,46,23
12,46,24
12,46,25
12,46,26
12,46,27
12,46,28
12,46,29
12,46,30
12,46,31
12,46,32
12,46,33
12,46,34
12,47,20
12,47,21
12,47,22
12,47,23
12,47,24
12,47,25
12,47,26
12,47,27
12,47,28
12,47,29
12,47,30
12,47,31
12,47,32
12,47,33
12,48,21
12,48,22
12,48,23
12,48,24
12,48,25
12,48,26
12,48,27
12,48,28
12,48,29
12,48,30
12,49,23
12,56,24
12,56,25
12,56,26
12,56,27
13,17,15
13,18,14
13,18,15
13,20,13
13,21,12
13,21,13
13,21,14
13,22,12
13,22,13
13,22,14
13,23,12
13,23,13
13,23,14
13,24,12
13,24,13
13,25,20
13,25,21
13,25,42
13,25,43
13,26,20
13,26,21
13,26,39
13,26,40
13,26,41
13,26,42
13,26,43
13,27,20
13,27,21
13,27,36
13,27,37
13,27,38
13,27,39
13,27,40
13,27,41
13,27,42
13,27,43
13,28,34
13,28,35
13,28,36
13,28,37
13,28,38
13,28,39
13,28,40
13,28,41
13,28,42
13,28,43
13,28,44
13,29,33
13,29,34
13,29,35
13,29,36
13,29,37
13,29,38
13,29,39
13,29,40
13,29,41
13,29,42
13,29,43
13,29,44
13,30,34
13,30,35
13,30,36
13,30,37
13,30,38
13,30,39
13,30,40
13,30,41
13,30,42
13,30,43
13,30,44
13,31,34
13,31,35
13,31,36
13,31,37
13,31,38
13,31,39
13,31,40
13,32,35
13,32,36
13,40,41
13,41,40
13,41,41
13,41,42
13,42,28
13,42,29
13,42,30
13,42,38
13,42,39
13,42,40
13,42,41
13,42,42
13,43,25
13,43,26
13,43,27
13,43,28
13,43,29
13,43,30
13,43,31
13,43,32
13,43,33
13,43,34
13,43,35
13,43,36
13,43,37
13,43,38
13,43,39
13,43,40
13,43,41
13,43,42
13,44,21
13,44,22
13,44,23
13,44,24
13,44,25
13,44,26
13,44,27
13,44,28
13,44,29
13,44,30
13,44,31
13,44,32
13,44,33
13,44,34
13,44,35
13,44,36
13,44,37
13,44,38
13,44,39
13,44,40
13,44,41
13,44,42
13,45,20
13,45,21
13,45,22
13,45,23
13,45,24
13,45,25
13,45,26
13,45,27
13,45,28
13,45,29
13,45,30
13,45,31
13,45,32
13,45,33
13,45,34
13,45,35
13,45,36
13,45,37
13,45,38
13,45,39
13,45,40
13,45,41
13,46,20
13,46,21
13,46,22
13,46,23
13,46,24
13,46,25
13,46,26
13,46,27
13,46,28
13,46,29
13,46,30
13,46,31
13,46,32
13,46,33
13,46,34
13,47,20
13,47,21
13,47,22
13,47,23
13,47,24
13,47,25
13,47,26
13,47,27
13,47,28
13,47,29
13,47,30
13,47,31
13,47,32
13,48,20
13,48,21
13,48,22
13,48,23
13,48,24
13,48,25
13,48,26
13,48,27
13,48,28
13,48,29
13,48,30
13,49,22
13,49,23
13,49,24
13,49,25
13,55,24
13,55,25
13,55,26
13,55,27
13,56,24
13,56,25
13,56,26
13,56,27
13,56,28
13,56,29
13,57,24
13,57,25
13,57,26
13,57,27
13,57,28
13,57,29
13,57,31
13,58,24
13,58,25
13,58,26
13,58,27
13,58,28
13,58,29
13,58,30
14,17,14
14,17,15
14,18,14
14,18,15
14,21,12
14,21,13
14,22,12
14,22,13
14,22,14
14,23,12
14,23,13
14,24,12
14,24,13
14,24,43
14,25,41
14,25,42
14,25,43
14,26,20
14,26,21
14,26,22
14,26,39
14,26,40
14,26,41
14,26,42
14,26,43
14,26,44
14,27,20
14,27,21
14,27,22
14,27,36
14,27,37
14,27,38
14,27,39
14,27,40
14,27,41
14,27,42
14,27,43
14,27,44
14,28,20
14,28,21
14,28,22
14,28,35
14,28,36
14,28,37
14,28,38
14,28,39
14,28,40
14,28,41
14,28,42
14,28,43
14,28,44
14,29,33
14,29,34
14,29,35
14,29,36
14,29,37
14,29,38
14,29,39
14,29,40
14,29,41
14,29,42
14,29,43
14,29,44
14,30,34
14,30,35
14,30,36
14,30,37
14,30,38
14,30,39
14,30,40
14,30,41
14,31,35
14,31,36
14,31,37
14,39,21
14,39,22
14,40,20
14,40,21
14,40,22
14,40,40
14,40,41
14,40,42
14,41,19
14,41,20
14,41,21
14,41,22
14,41,39
14,41,40
14,41,41
14,41,42
14,41,43
14,42,19
14,42,20
14,42,21
14,42,22
14,42,23
14,42,29
14,42,30
14,42,31
14,42,32
14,42,34
14,42,35
14,42,36
14,42,37
14,42,38
14,42,39
14,42,40
14,42,41
14,42,42
14,42,43
14,43,19
14,43,20
14,43,21
14,43,22
14,43,23
14,43,24
14,43,25
14,43,26
14,43,27
14,43,28
14,43,29
14,43,30
14,43,31
14,43,32
14,43,33
14,43,34
14,43,35
14,43,36
14,43,37
14,43,38
14,43,39
14,43,40
14,43,41
14,43,42
14,44,19
14,44,20
14,44,21
14,44,22
14,44,23
14,44,24
14,44,25
14,44,26
14,44,27
14,44,28
14,44,29
14,44,30
14,44,31
14,44,32
14,44,33
14,44,34
14,44,35
14,44,36
14,44,37
14,44,38
14,44,39
14,44,40
14,44,41
14,44,42
14,45,19
14,45,20
14,45,21
14,45,22
14,45,23
14,45,24
14,45,25
14,45,26
14,45,27
14,45,28
14,45,29
14,45,30
14,45,31
14,45,32
14,45,33
14,45,34
14,45,35
14,46,19
14,46,20
14,46,21
14,46,22
14,46,23
14,46,24
14,46,25
14,46,26
14,46,27
14,46,28
14,46,29
14,46,30
14,46,31
14,46,32
14,46,33
14,47,20
14,47,21
14,47,22
14,47,23
14,47,24
14,47,25
14,47,26
14,47,27
14,47,28
14,47,29
14,47,30
14,47,31
14,48,20
14,48,21
14,48,22
14,48,23
14,48,24
14,48,25
14,48,26
14,48,27
14,48,28
14,48,29
14,49,22
14,49,23
14,49,24
14,49,25
14,49,26
14,49,27
14,54,24
14,54,25
14,54,26
14,55,23
14,55,24
14,55,25
14,55,26
14,55,27
14,55,28
14,55,29
14,55,30
14,55,31
14,55,32
14,55,33
14,55,34
14,56,23
14,56,24
14,56,25
14,56,26
14,56,27
14,56,28
14,56,29
14,56,30
14,56,31
14,56,32
14,56,33
14,56,34
14,57,23
14,57,24
14,57,25
14,57,26
14,57,27
14,57,28
14,57,29
14,57,30
14,57,31
14,57,32
14,58,24
14,58,25
14,58,26
14,58,27
14,58,28
14,58,29
14,58,30
14,58,31
14,58,32
14,59,25
14,59,26
14,59,27
14,59,28
15,16,14
15,17,14
15,21,13
15,22,12
15,22,13
15,23,12
15,23,13
15,23,43
15,23,44
15,24,12
15,24,13
15,24,42
15,24,43
15,24,44
15,25,41
15,25,42
15,25,43
15,25,44
15,26,21
15,26,22
15,26,38
15,26,39
15,26,40
15,26,41
15,26,42
15,26,43
15,26,44
15,27,20
15,27,35
15,27,36
15,27,37
15,27,38
15,27,39
15,27,40
15,27,41
15,27,42
15,27,43
15,27,44
15,27,45
15,28,20
15,28,34
15,28,35
15,28,36
15,28,37
15,28,38
15,28,39
15,28,40
15,28,41
15,28,42
15,28,43
15,28,44
15,28,45
15,29,20
15,29,33
15,29,35
15,29,36
15,29,37
15,29,38
15,29,39
15,29,40
15,30,20
15,30,33
15,30,35
15,30,36
15,30,37
15,30,38
15,31,19
15,31,34
15,31,35
15,32,19
15,33,19
15,37,22
15,37,23
15,38,21
15,38,22
15,38,23
15,39,19
15,39,20
15,39,21
15,39,22
15,39,23
15,40,18
15,40,19
15,40,20
15,40,21
15,40,22
15,40,23
15,40,40
15,40,41
15,41,18
15,41,19
15,41,20
15,41,21
15,41,22
15,41,23
15,41,37
15,41,38
15,41,39
15,41,40
15,41,41
15,41,42
15,41,43
15,42,18
15,42,19
15,42,20
15,42,21
15,42,22
15,42,23
15,42,24
15,42,25
15,42,30
15,42,31
15,42,32
15,42,33
15,42,34
15,42,35
15,42,36
15,42,37
15,42,38
15,42,39
15,42,40
15,42,41
15,42,42
15,42,43
15,42,44
15,43,18
15,43,19
15,43,20
15,43,21
15,43,22
15,43,23
15,43,24
15,43,25
15,43,26
15,43,27
15,43,28
15,43,29
15,43,30
15,43,31
15,43,32
15,43,33
15,43,34
15,43,35
15,43,36
15,43,37
15,43,38
15,43,39
15,43,40
15,43,41
15,43,42
15,43,43
15,43,44
15,44,18
15,44,19
15,44,20
15,44,21
15,44,22
15,44,23
15,44,24
15,44,25
15,44,26
15,44,27
15,44,28
15,44,29
15,44,30
15,44,31
15,44,32
15,44,33
15,44,34
15,44,35
15,44,36
15,44,37
15,44,38
15,44,40
15,44,41
15,45,18
15,45,19
15,45,20
15,45,21
15,45,22
15,45,23
15,45,24
15,45,25
15,45,26
15,45,27
15,45,28
15,45,29
15,45,30
15,45,31
15,45,32
15,45,33
15,45,34
15,46,20
15,46,21
15,46,22
15,46,23
15,46,24
15,46,25
15,46,26
15,46,27
15,46,28
15,46,29
15,46,30
15,46,31
15,46,32
15,47,21
15,47,22
15,47,23
15,47,24
15,47,25
15,47,26
15,47,27
15,47,28
15,47,29
15,47,30
15,48,21
15,48,22
15,48,23
15,48,24
15,48,25
15,48,26
15,48,27
15,48,28
15,48,29
15,49,22
15,49,23
15,49,24
15,49,25
15,49,26
15,49,27
15,49,28
15,50,24
15,50,25
15,50,26
15,53,26
15,54,24
15,54,25
15,54,26
15,54,27
15,54,28
15,54,31
15,54,32
15,54,33
15,54,34
15,54,35
15,55,23
15,55,24
15,55,25
15,55,26
15,55,27
15,55,28
15,55,29
15,55,30
15,55,31
15,55,32
15,55,33
15,55,34
15,55,35
15,55,36
15,56,23
15,56,24
15,56,25
15,56,26
15,56,27
15,56,28
15,56,29
15,56,30
15,56,31
15,56,32
15,56,33
15,56,34
15,56,35
15,56,36
15,57,23
15,57,24
15,57,25
15,57,26
15,57,27
15,57,28
15,57,29
15,57,30
15,57,31
15,57,32
15,57,33
15,57,34
15,58,24
15,58,25
15,58,26
15,58,27
15,58,28
15,58,29
15,58,30
15,58,31
15,58,32
15,58,33
15,58,34
15,59,25
15,59,26
15,59,27
15,59,28
15,59,29
15,59,30
15,59,31
15,59,32
15,60,28
15,60,29
15,60,30
15,60,31
16,15,14
16,16,14
16,17,14
16,22,13
16,22,44
16,23,12
16,23,13
16,23,43
16,23,44
16,24,12
16,24,42
16,24,43
16,24,44
16,25,22
16,25,40
16,25,41
16,25,42
16,25,43
16,25,44
16,25,45
16,26,21
16,26,36
16,26,37
16,26,38
16,26,39
16,26,40
16,26,41
16,26,42
16,26,43
16,26,44
16,26,45
16,27,20
16,27,35
16,27,36
16,27,37
16,27,38
16,27,39
16,27,40
16,27,41
16,27,42
16,27,46
16,28,20
16,28,35
16,28,36
16,28,37
16,28,38
16,28,39
16,28,40
16,29,20
16,29,32
16,29,35
16,29,36
16,29,37
16,29,38
16,29,39
16,30,20
16,30,35
16,30,36
16,30,37
16,31,20
16,31,22
16,31,33
16,31,35
16,32,19
16,32,20
16,32,21
16,33,19
16,33,20
16,33,21
16,34,19
16,34,20
16,35,19
16,35,20
16,35,21
16,36,18
16,36,19
16,36,20
16,36,21
16,37,18
16,37,19
16,37,20
16,37,21
16,37,22
16,37,23
16,38,17
16,38,18
16,38,19
16,38,20
16,38,21
16,38,22
16,38,23
16,39,16
16,39,17
16,39,18
16,39,19
16,39,20
16,39,21
16,39,22
16,39,23
16,40,16
16,40,17
16,40,18
16,40,19
16,40,20
16,40,21
16,40,22
16,40,38
16,40,39
16,41,17
16,41,18
16,41,19
16,41,20
16,41,21
16,41,22
16,41,33
16,41,34
16,41,35
16,41,36
16,41,37
16,41,38
16,41,39
16,41,40
16,41,41
16,41,42
16,41,43
16,42,18
16,42,19
16,42,20
16,42,21
16,42,22
16,42,24
16,42,25
16,42,30
16,42,31
16,42,32
16,42,33
16,42,34
16,42,35
16,42,36
16,42,37
16,42,38
16,42,39
16,42,40
16,42,41
16,42,42
16,42,43
16,42,44
16,43,18
16,43,19
16,43,20
16,43,21
16,43,22
16,43,23
16,43,24
16,43,25
16,43,26
16,43,27
16,43,28
16,43,29
16,43,30
16,43,31
16,43,32
16,43,33
16,43,34
16,43,35
16,43,36
16,43,37
16,43,38
16,43,39
16,43,40
16,43,41
16,44,18
16,44,19
16,44,22
16,44,23
16,44,24
16,44,25
16,44,26
16,44,27
16,44,28
16,44,29
16,44,30
16,44,31
16,44,32
16,44,33
16,44,34
16,45,18
16,45,22
16,45,23
16,45,24
16,45,25
16,45,26
16,45,27
16,45,28
16,45,29
16,45,30
16,45,31
16,45,32
16,45,33
16,46,22
16,46,23
16,46,24
16,46,25
16,46,26
16,46,27
16,46,28
16,46,29
16,46,30
16,47,22
16,47,23
16,47,24
16,47,25
16,47,26
16,47,27
16,47,28
16,47,29
16,48,22
16,48,23
16,48,24
16,48,25
16,48,26
16,48,27
16,48,28
16,48,29
16,49,22
16,49,23
16,49,24
16,49,25
16,49,26
16,49,27
16,49,28
16,50,23
16,50,24
16,50,25
16,50,26
16,50,27
16,50,28
16,51,25
16,51,26
16,51,27
16,53,25
16,53,26
16,53,27
16,53,33
16,53,34
16,53,35
16,54,24
16,54,25
16,54,26
16,54,27
16,54,28
16,54,29
16,54,30
16,54,31
16,54,32
16,54,33
16,54,34
16,54,35
16,54,36
16,55,23
16,55,24
16,55,25
16,55,26
16,55,27
16,55,28
16,55,29
16,55,30
16,55,31
16,55,32
16,55,33
16,55,34
16,55,35
16,55,36
16,55,37
16,56,23
16,56,24
16,56,25
16,56,26
16,56,27
16,56,28
16,56,29
16,56,30
16,56,31
16,56,32
16,56,33
16,56,34
16,56,35
16,56,36
16,57,23
16,57,24
16,57,25
16,57,26
16,57,27
16,57,28
16,57,29
16,57,30
16,57,31
16,57,32
16,57,33
16,57,34
16,57,35
16,58,24
16,58,25
16,58,26
16,58,27
16,58,28
16,58,29
16,58,30
16,58,31
16,58,32
16,58,33
16,58,34
16,59,25
16,59,26
16,59,27
16,59,28
16,59,29
16,59,30
16,59,31
16,59,32
16,59,33
16,60,28
16,60,29
16,60,30
16,60,31
16,60,32
16,61,30
17,14,14
17,15,14
17,18,14
17,21,44
17,22,43
17,22,44
17,23,5
17,23,42
17,23,43
17,23,44
17,23,45
17,24,5
17,24,6
17,24,22
17,24,41
17,24,42
17,24,43
17,24,44
17,24,45
17,24,46
17,25,5
17,25,21
17,25,22
17,25,39
17,25,40
17,25,41
17,25,42
17,25,43
17,25,44
17,25,45
17,25,46
17,26,21
17,26,35
17,26,36
17,26,37
17,26,38
17,26,39
17,26,40
17,26,41
17,27,21
17,27,22
17,27,35
17,27,36
17,27,37
17,27,38
17,27,39
17,27,40
17,28,21
17,28,22
17,28,35
17,28,36
17,28,37
17,28,38
17,28,39
17,29,21
17,29,22
17,29,35
17,29,36
17,29,37
17,29,38
17,30,21
17,30,22
17,30,36
17,31,21
17,31,22
17,32,21
17,32,22
17,33,20
17,33,21
17,33,22
17,34,20
17,34,21
17,35,20
17,35,21
17,36,19
17,36,20
17,36,21
17,37,18
17,37,19
17,37,20
17,37,21
17,38,17
17,38,18
17,38,19
17,38,20
17,39,16
17,39,17
17,39,18
17,39,19
17,40,16
17,40,17
17,40,18
17,40,37
17,40,38
17,40,39
17,40,40
17,41,35
17,41,36
17,41,37
17,41,38
17,41,39
17,41,40
17,41,41
17,41,42
17,42,30
17,42,33
17,42,34
17,42,35
17,42,36
17,42,37
17,42,38
17,42,39
17,42,40
17,42,41
17,43,23
17,43,24
17,43,25
17,43,26
17,43,27
17,43,28
17,43,29
17,43,30
17,43,31
17,43,32
17,43,33
17,43,34
17,43,35
17,43,36
17,44,23
17,44,24
17,44,25
17,44,26
17,44,27
17,44,28
17,44,29
17,44,30
17,44,31
17,44,32
17,45,22
17,45,23
17,45,24
17,45,25
17,45,26
17,45,27
17,45,28
17,45,29
17,45,30
17,46,22
17,46,23
17,46,24
17,46,25
17,46,26
17,46,27
17,46,28
17,46,29
17,46,30
17,47,22
17,47,23
17,47,24
17,47,25
17,47,26
17,47,27
17,47,28
17,47,29
17,48,22
17,48,23
17,48,24
17,48,25
17,48,26
17,48,27
17,48,28
17,48,29
17,49,22
17,49,23
17,49,24
17,49,25
17,49,26
17,49,27
17,49,28
17,49,29
17,50,23
17,50,24
17,50,25
17,50,26
17,50,27
17,50,28
17,51,24
17,51,25
17,51,26
17,51,27
17,51,28
17,52,25
17,52,26
17,52,27
17,52,28
17,53,25
17,53,26
17,53,27
17,53,28
17,53,32
17,53,33
17,53,34
17,53,35
17,53,36
17,54,24
17,54,25
17,54,26
17,54,27
17,54,28
17,54,29
17,54,30
17,54,31
17,54,32
17,54,33
17,54,34
17,54,35
17,54,36
17,55,24
17,55,25
17,55,26
17,55,27
17,55,28
17,55,29
17,55,30
17,55,31
17,55,32
17,55,33
17,55,34
17,55,35
17,55,36
17,55,37
17,56,23
17,56,24
17,56,25
17,56,26
17,56,27
17,56,28
17,56,29
17,56,30
17,56,31
17,56,32
17,56,33
17,56,34
17,56,35
17,56,36
17,56,37
17,57,23
17,57,24
17,57,25
17,57,26
17,57,27
17,57,28
17,57,29
17,57,30
17,57,31
17,57,32
17,57,33
17,57,34
17,57,35
17,57,36
17,58,24
17,58,25
17,58,26
17,58,27
17,58,28
17,58,29
17,58,30
17,58,31
17,58,32
17,58,33
17,58,34
17,58,35
17,58,36
17,59,28
17,59,29
17,59,30
17,59,31
17,59,32
17,59,33
17,59,34
17,60,29
17,60,30
17,60,31
17,60,32
17,60,33
17,60,34
17,61,30
17,61,31
17,61,32
17,62,30
18,13,14
18,14,14
18,17,14
18,18,14
18,19,23
18,20,44
18,21,43
18,21,44
18,22,5
18,22,6
18,22,43
18,22,44
18,23,5
18,23,6
18,23,7
18,23,22
18,23,42
18,23,43
18,24,5
18,24,6
18,24,7
18,24,22
18,24,41
18,25,5
18,25,6
18,25,22
18,25,36
18,25,37
18,25,38
18,25,39
18,26,6
18,26,22
18,26,35
18,26,36
18,26,37
18,26,38
18,26,39
18,27,22
18,27,35
18,27,36
18,27,37
18,27,38
18,27,39
18,28,22
18,28,23
18,28,35
18,28,36
18,28,37
18,28,38
18,29,22
18,29,23
18,29,24
18,29,36
18,29,37
18,30,22
18,30,23
18,30,24
18,31,22
18,31,23
18,31,32
18,32,22
18,32,23
18,32,32
18,33,22
18,33,32
18,40,37
18,40,38
18,40,39
18,40,40
18,41,36
18,41,37
18,41,38
18,41,39
18,41,40
18,41,41
18,41,45
18,41,46
18,42,30
18,42,35
18,42,36
18,42,37
18,42,38
18,42,39
18,42,40
18,42,41
18,43,24
18,43,25
18,43,26
18,43,27
18,43,28
18,43,29
18,43,30
18,43,33
18,44,23
18,44,24
18,44,25
18,44,26
18,44,27
18,44,28
18,44,29
18,44,30
18,45,23
18,45,24
18,45,25
18,45,26
18,45,27
18,45,28
18,45,29
18,45,30
18,46,23
18,46,24
18,46,25
18,46,26
18,46,27
18,46,28
18,46,29
18,47,23
18,47,24
18,47,25
18,47,26
18,47,27
18,47,28
18,47,29
18,47,30
18,48,23
18,48,24
18,48,25
18,48,26
18,48,27
18,48,28
18,48,29
18,49,22
18,49,23
18,49,24
18,49,25
18,49,26
18,49,27
18,49,28
18,49,29
18,50,22
18,50,23
18,50,24
18,50,25
18,50,26
18,50,27
18,50,28
18,50,29
18,51,23
18,51,24
18,51,25
18,51,26
18,51,27
18,51,28
18,51,29
18,52,24
18,52,25
18,52,26
18,52,27
18,52,28
18,52,29
18,52,32
18,52,33
18,52,34
18,53,24
18,53,25
18,53,26
18,53,27
18,53,28
18,53,29
18,53,30
18,53,31
18,53,32
18,53,33
18,53,34
18,53,35
18,54,24
18,54,25
18,54,26
18,54,27
18,54,28
18,54,29
18,54,30
18,54,31
18,54,32
18,54,33
18,54,34
18,54,35
18,54,36
18,55,24
18,55,25
18,55,26
18,55,27
18,55,28
18,55,29
18,55,30
18,55,31
18,55,32
18,55,33
18,55,34
18,55,35
18,55,36
18,56,24
18,56,25
18,56,26
18,56,27
18,56,28
18,56,29
18,56,30
18,56,31
18,56,32
18,56,33
18,56,34
18,56,35
18,56,36
18,56,37
18,57,23
18,57,24
18,57,25
18,57,26
18,57,27
18,57,28
18,57,29
18,57,30
18,57,31
18,57,32
18,57,33
18,57,34
18,57,35
18,57,36
18,57,37
18,58,27
18,58,28
18,58,29
18,58,30
18,58,31
18,58,32
18,58,33
18,58,34
18,58,35
18,58,36
18,59,29
18,59,30
18,59,31
18,59,32
18,59,33
18,59,34
18,59,35
18,60,30
18,60,31
18,60,32
18,60,33
18,60,34
18,61,30
18,61,31
18,61,32
18,62,30
18,62,31
18,62,32
19,13,14
19,17,23
19,18,22
19,19,22
19,19,44
19,20,22
19,20,44
19,21,23
19,21,25
19,21,26
19,22,5
19,22,6
19,22,7
19,22,23
19,22,24
19,22,25
19,22,26
19,23,5
19,23,6
19,23,7
19,23,8
19,23,23
19,23,24
19,23,25
19,23,26
19,24,5
19,24,6
19,24,7
19,24,8
19,24,23
19,24,24
19,24,25
19,24,26
19,25,5
19,25,6
19,25,7
19,25,23
19,25,24
19,25,25
19,25,26
19,25,35
19,25,36
19,25,37
19,25,38
19,26,5
19,26,6
19,26,23
19,26,24
19,26,25
19,26,35
19,26,36
19,26,37
19,26,38
19,27,6
19,27,23
19,27,24
19,27,36
19,27,37
19,27,38
19,28,23
19,28,24
19,28,36
19,28,37
19,29,23
19,29,24
19,29,25
19,29,36
19,30,23
19,30,24
19,30,25
19,30,26
19,31,24
19,40,38
19,40,39
19,40,40
19,41,38
19,41,39
19,41,40
19,41,41
19,41,42
19,41,43
19,41,44
19,41,45
19,41,46
19,41,47
19,42,37
19,42,38
19,42,39
19,42,40
19,42,41
19,42,45
19,42,46
19,43,28
19,43,29
19,44,26
19,44,27
19,44,28
19,44,29
19,45,25
19,45,26
19,45,27
19,45,28
19,45,29
19,46,24
19,46,25
19,46,26
19,46,27
19,46,28
19,46,29
19,47,24
19,47,25
19,47,26
19,47,27
19,47,28
19,48,23
19,48,24
19,48,25
19,48,26
19,48,27
19,48,28
19,49,23
19,49,24
19,49,25
19,49,26
19,49,27
19,49,28
19,50,22
19,50,23
19,50,24
19,50,25
19,50,26
19,50,27
19,50,28
19,51,23
19,51,24
19,51,25
19,51,26
19,51,27
19,51,28
19,51,32
19,52,23
19,52,24
19,52,25
19,52,26
19,52,27
19,52,31
19,52,32
19,52,33
19,52,34
19,53,24
19,53,25
19,53,30
19,53,31
19,53,32
19,53,33
19,53,34
19,53,35
19,54,29
19,54,30
19,54,31
19,54,32
19,54,33
19,54,34
19,54,35
19,55,27
19,55,28
19,55,29
19,55,30
19,55,31
19,55,32
19,55,33
19,55,34
19,55,35
19,56,27
19,56,28
19,56,29
19,56,30
19,56,31
19,56,32
19,56,33
19,56,34
19,56,35
19,56,36
19,57,24
19,57,25
19,57,26
19,57,27
19,57,28
19,57,29
19,57,30
19,57,31
19,57,32
19,57,33
19,57,34
19,57,35
19,57,36
19,58,29
19,58,30
19,58,31
19,58,32
19,58,33
19,58,34
19,58,35
19,58,36
19,59,30
19,59,31
19,59,32
19,59,33
19,59,34
19,59,35
19,59,36
19,60,30
19,60,31
19,60,32
19,60,33
19,60,34
19,60,35
19,60,36
19,61,31
19,61,32
19,61,33
19,61,34
19,62,31
19,62,32
19,62,33
20,17,23
20,18,22
20,18,23
20,19,22
20,19,23
20,19,44
20,20,23
20,20,24
20,20,25
20,20,26
20,20,45
20,21,24
20,21,25
20,21,26
20,21,27
20,22,5
20,22,6
20,22,7
20,22,8
20,22,25
20,22,26
20,22,27
20,23,5
20,23,6
20,23,7
20,23,8
20,23,26
20,23,27
20,23,35
20,23,36
20,24,5
20,24,6
20,24,7
20,24,8
20,24,26
20,24,27
20,24,28
20,24,35
20,24,36
20,24,37
20,24,38
20,25,5
20,25,6
20,25,7
20,25,8
20,25,25
20,25,26
20,25,27
20,25,36
20,25,37
20,25,38
20,26,5
20,26,6
20,26,25
20,26,26
20,26,36
20,26,37
20,26,38
20,27,6
20,27,24
20,27,25
20,27,36
20,27,37
20,27,38
20,28,24
20,28,25
20,28,37
20,29,25
20,29,26
20,30,25
20,30,26
20,31,26
20,40,38
20,40,39
20,41,38
20,41,39
20,41,40
20,41,41
20,41,42
20,41,43
20,41,44
20,41,45
20,41,46
20,41,47
20,42,38
20,42,39
20,42,40
20,42,41
20,42,42
20,42,43
20,42,44
20,42,45
20,42,46
20,42,47
20,43,29
20,43,46
20,43,47
20,45,28
20,46,26
20,46,27
20,46,28
20,47,25
20,47,26
20,47,27
20,47,28
20,48,24
20,48,25
20,48,26
20,48,27
20,48,28
20,49,24
20,49,25
20,49,26
20,49,27
20,49,28
20,50,23
20,50,24
20,50,25
20,50,26
20,50,27
20,50,28
20,50,33
20,51,23
20,51,24
20,51,25
20,51,26
20,51,27
20,51,33
20,52,23
20,52,24
20,52,25
20,52,26
20,52,32
20,52,33
20,53,24
20,53,31
20,53,32
20,53,33
20,54,31
20,54,32
20,54,33
20,54,34
20,55,29
20,55,30
20,55,31
20,55,32
20,55,33
20,55,34
20,56,28
20,56,29
20,56,30
20,56,31
20,56,32
20,56,33
20,56,34
20,56,35
20,57,28
20,57,29
20,57,30
20,57,31
20,57,32
20,57,33
20,57,34
20,57,35
20,58,29
20,58,30
20,58,31
20,58,32
20,58,33
20,58,34
20,58,35
20,59,20
20,59,30
20,59,31
20,59,32
20,59,33
20,59,34
20,59,35
20,59,36
20,60,20
20,60,31
20,60,32
20,60,33
20,60,34
20,60,35
20,60,36
20,61,31
20,61,32
20,61,33
20,61,34
20,62,32
20,62,33
20,62,34
21,16,23
21,16,24
21,17,23
21,17,24
21,18,23
21,18,24
21,18,25
21,18,26
21,18,27
21,18,44
21,19,23
21,19,24
21,19,25
21,19,26
21,19,27
21,19,44
21,19,45
21,22,7
21,22,8
21,22,34
21,22,35
21,22,36
21,22,37
21,22,38
21,23,6
21,23,7
21,23,8
21,23,37
21,23,38
21,23,39
21,24,6
21,24,7
21,24,8
21,24,37
21,24,38
21,25,27
21,25,28
21,25,37
21,25,38
21,26,26
21,26,27
21,26,28
21,26,37
21,26,38
21,27,5
21,27,26
21,27,38
21,28,5
21,28,26
21,29,26
21,29,27
21,30,26
21,30,27
21,30,28
21,31,27
21,31,28
21,34,8
21,41,39
21,41,40
21,41,46
21,41,47
21,41,48
21,42,39
21,42,42
21,42,45
21,42,46
21,42,47
21,43,44
21,43,45
21,43,46
21,43,47
21,44,46
21,44,47
21,46,28
21,47,27
21,48,25
21,48,26
21,48,27
21,49,25
21,49,26
21,50,24
21,50,25
21,50,26
21,51,24
21,53,32
21,54,31
21,54,32
21,54,33
21,55,30
21,55,31
21,55,32
21,55,33
21,56,29
21,56,30
21,56,31
21,56,32
21,56,33
21,57,28
21,57,29
21,57,30
21,57,31
21,57,32
21,57,33
21,57,34
21,58,21
21,58,30
21,58,31
21,58,32
21,58,33
21,58,34
21,59,20
21,59,21
21,59,31
21,59,32
21,59,33
21,59,34
21,60,20
21,60,32
21,60,33
21,60,34
21,60,35
21,61,32
21,61,33
21,61,34
21,61,35
21,62,33
21,62,34
22,8,26
22,9,27
22,11,14
22,15,24
22,16,5
22,16,23
22,16,24
22,16,25
22,16,26
22,17,5
22,17,6
22,17,23
22,17,24
22,17,25
22,17,26
22,17,44
22,18,5
22,18,6
22,18,7
22,18,23
22,18,24
22,18,25
22,18,43
22,18,44
22,19,6
22,19,7
22,19,43
22,19,44
22,19,45
22,19,46
22,20,7
22,20,36
22,20,37
22,20,38
22,21,35
22,21,36
22,21,37
22,21,38
22,22,35
22,22,36
22,22,37
22,22,38
22,22,39
22,23,37
22,23,38
22,23,39
22,24,38
22,24,39
22,25,39
22,26,28
22,26,39
22,28,26
22,29,26
22,29,27
22,30,5
22,30,27
22,30,28
22,31,28
22,32,29
22,34,7
22,34,8
22,35,8
22,40,39
22,41,39
22,41,40
22,42,39
22,42,46
22,42,47
22,43,44
22,43,45
22,43,46
22,43,47
22,44,44
22,44,45
22,44,46
22,44,47
22,45,46
22,50,25
22,54,32
22,55,31
22,55,32
22,55,33
22,56,30
22,56,31
22,56,32
22,56,33
22,57,21
22,57,28
22,57,29
22,57,30
22,57,31
22,57,32
22,57,33
22,58,20
22,58,21
22,58,30
22,58,31
22,58,32
22,58,33
22,59,20
22,59,21
22,59,32
22,59,33
22,60,20
23,7,24
23,7,25
23,8,25
23,8,26
23,8,27
23,9,27
23,9,28
23,11,14
23,11,15
23,12,15
23,16,5
23,16,23
23,16,24
23,17,5
23,17,6
23,17,44
23,18,5
23,18,6
23,18,7
23,18,43
23,18,44
23,18,45
23,19,6
23,19,7
23,19,38
23,19,42
23,19,43
23,19,44
23,19,45
23,19,46
23,20,36
23,20,37
23,20,38
23,20,39
23,20,40
23,20,41
23,20,42
23,20,43
23,20,45
23,21,36
23,21,37
23,21,38
23,21,39
23,21,40
23,21,41
23,21,42
23,22,36
23,22,37
23,22,38
23,22,39
23,22,40
23,22,41
23,23,39
23,23,40
23,24,40
23,27,40
23,28,39
23,29,27
23,29,38
23,29,39
23,30,5
23,30,27
23,30,28
23,30,38
23,30,39
23,31,5
23,31,6
23,31,28
23,31,29
23,31,38
23,32,5
23,32,6
23,32,29
23,32,30
23,32,38
23,33,6
23,33,7
23,33,29
23,33,30
23,34,7
23,34,8
23,34,9
23,34,30
23,34,31
23,35,8
23,35,30
23,35,31
23,35,32
23,36,30
23,36,31
23,36,32
23,37,31
23,37,32
23,38,31
23,38,32
23,39,31
23,39,32
23,40,31
23,40,32
23,40,40
23,41,31
23,41,32
23,41,40
23,41,41
23,41,42
23,41,45
23,42,31
23,42,32
23,42,40
23,42,41
23,42,42
23,42,43
23,42,44
23,42,45
23,42,46
23,43,30
23,43,31
23,43,32
23,43,43
23,43,44
23,43,45
23,43,46
23,43,47
23,44,30
23,44,31
23,44,44
23,44,45
23,44,46
23,44,47
23,44,48
23,45,29
23,45,30
23,45,31
23,45,45
23,45,46
23,45,47
23,46,29
23,46,30
23,47,29
23,47,30
23,48,29
23,49,28
23,50,26
23,50,27
23,51,24
23,54,33
23,55,33
23,56,32
23,56,33
23,57,31
23,57,32
23,58,20
23,58,29
23,58,30
23,58,31
23,58,32
23,59,20
23,59,21
23,59,22
23,60,20
24,8,25
24,8,26
24,8,27
24,9,27
24,9,28
24,11,14
24,11,15
24,11,16
24,12,14
24,12,15
24,12,16
24,17,5
24,17,44
24,18,43
24,18,44
24,18,45
24,19,40
24,19,41
24,19,42
24,19,43
24,19,44
24,19,45
24,19,46
24,20,37
24,20,38
24,20,39
24,20,40
24,20,41
24,20,42
24,20,43
24,20,44
24,20,45
24,20,46
24,21,37
24,21,38
24,21,39
24,21,40
24,21,41
24,21,42
24,22,38
24,22,39
24,22,40
24,22,41
24,22,42
24,23,39
24,23,40
24,23,41
24,24,39
24,24,40
24,25,40
24,26,39
24,26,40
24,28,38
24,29,4
24,29,5
24,29,27
24,29,37
24,29,38
24,30,4
24,30,5
24,30,6
24,30,7
24,30,27
24,30,28
24,30,36
24,30,37
24,30,38
24,31,4
24,31,5
24,31,6
24,31,7
24,31,28
24,31,29
24,31,36
24,31,37
24,31,38
24,32,5
24,32,6
24,32,7
24,32,29
24,32,30
24,32,36
24,32,37
24,32,38
24,33,6
24,33,7
24,33,29
24,33,30
24,33,36
24,33,37
24,33,38
24,34,8
24,34,9
24,34,30
24,34,31
24,35,30
24,35,31
24,35,32
24,36,30
24,36,31
24,36,32
24,36,37
24,37,29
24,37,30
24,37,31
24,37,32
24,38,29
24,38,30
24,38,31
24,38,32
24,38,33
24,39,29
24,39,30
24,39,31
24,39,32
24,39,33
24,40,30
24,40,31
24,40,32
24,40,33
24,40,41
24,40,42
24,40,43
24,41,31
24,41,32
24,41,41
24,41,42
24,41,43
24,41,44
24,41,45
24,41,46
24,41,47
24,42,31
24,42,32
24,42,40
24,42,41
24,42,42
24,42,43
24,42,44
24,42,45
24,42,46
24,42,47
24,42,48
24,43,31
24,43,32
24,43,41
24,43,42
24,43,43
24,43,44
24,43,45
24,43,46
24,43,47
24,43,48
24,44,30
24,44,31
24,44,32
24,44,42
24,44,43
24,44,44
24,44,45
24,44,46
24,44,47
24,44,48
24,45,30
24,45,31
24,45,44
24,45,45
24,45,46
24,45,47
24,45,48
24,46,30
24,46,31
24,47,29
24,47,30
24,48,29
24,48,30
24,49,16
24,49,17
24,49,28
24,50,17
24,50,18
24,50,27
24,50,28
24,51,24
24,51,25
24,51,26
24,55,33
24,56,33
24,57,31
24,57,32
25,11,13
25,11,14
25,11,15
25,11,16
25,12,14
25,12,15
25,12,16
25,13,15
25,17,44
25,18,43
25,18,44
25,18,45
25,19,40
25,19,41
25,19,42
25,19,43
25,19,44
25,19,45
25,19,46
25,20,40
25,20,41
25,20,42
25,20,43
25,20,44
25,20,45
25,20,46
25,21,40
25,21,41
25,21,42
25,21,43
25,22,41
25,22,42
25,28,3
25,29,4
25,29,5
25,29,17
25,29,27
25,30,4
25,30,5
25,30,6
25,30,7
25,30,16
25,30,17
25,30,27
25,30,28
25,31,4
25,31,5
25,31,6
25,31,7
25,31,16
25,31,17
25,31,28
25,31,29
25,32,4
25,32,5
25,32,6
25,32,7
25,32,29
25,33,6
25,33,7
25,33,29
25,33,30
25,34,30
25,35,30
25,35,31
25,36,30
25,36,31
25,36,32
25,37,29
25,37,30
25,37,31
25,37,32
25,38,29
25,38,30
25,38,31
25,38,32
25,39,29
25,39,30
25,39,31
25,39,32
25,39,43
25,40,28
25,40,29
25,40,30
25,40,31
25,40,32
25,40,42
25,40,43
25,40,44
25,40,45
25,40,46
25,41,31
25,41,32
25,41,42
25,41,43
25,41,44
25,41,45
25,41,46
25,41,47
25,41,48
25,42,31
25,42,32
25,42,41
25,42,42
25,42,43
25,42,44
25,42,45
25,42,46
25,42,47
25,42,48
25,43,31
25,43,32
25,43,40
25,43,41
25,43,42
25,43,43
25,43,44
25,43,45
25,43,46
25,43,47
25,43,48
25,43,49
25,44,31
25,44,32
25,44,36
25,44,37
25,44,38
25,44,39
25,44,40
25,44,41
25,44,42
25,44,43
25,44,44
25,44,45
25,44,46
25,44,47
25,44,48
25,45,31
25,45,32
25,45,35
25,45,36
25,45,37
25,45,38
25,45,39
25,45,40
25,45,41
25,45,42
25,45,43
25,45,44
25,45,45
25,45,46
25,45,47
25,45,48
25,46,30
25,46,31
25,46,35
25,46,36
25,46,37
25,46,38
25,46,39
25,46,40
25,46,41
25,46,46
25,46,47
25,47,30
25,47,35
25,47,36
25,47,37
25,47,38
25,47,39
25,48,29
25,48,30
25,48,34
25,48,35
25,48,36
25,48,37
25,49,28
25,49,29
25,49,33
25,49,34
25,49,35
25,49,36
25,50,27
25,50,28
25,50,35
25,51,24
25,51,25
25,51,26
26,10,17
26,11,14
26,11,15
26,11,16
26,11,17
26,12,14
26,12,15
26,12,16
26,13,15
26,18,44
26,18,45
26,19,41
26,19,42
26,19,43
26,19,44
26,19,45
26,19,46
26,20,42
26,20,43
26,28,3
26,28,18
26,28,19
26,29,4
26,29,5
26,29,17
26,29,18
26,29,19
26,30,4
26,30,5
26,30,6
26,30,16
26,30,17
26,30,18
26,30,19
26,30,27
26,30,28
26,31,4
26,31,5
26,31,6
26,31,16
26,31,17
26,31,18
26,31,28
26,31,29
26,32,4
26,32,5
26,32,6
26,32,17
26,32,29
26,33,5
26,33,6
26,33,29
26,33,30
26,34,30
26,35,30
26,35,31
26,36,30
26,36,31
26,37,30
26,37,31
26,37,32
26,38,29
26,38,30
26,38,31
26,38,32
26,39,29
26,39,30
26,39,31
26,39,32
26,40,28
26,40,29
26,40,30
26,40,31
26,40,32
26,40,43
26,40,44
26,40,45
26,40,46
26,40,47
26,40,48
26,41,28
26,41,29
26,41,30
26,41,31
26,41,32
26,41,42
26,41,43
26,41,44
26,41,45
26,41,46
26,41,47
26,41,48
26,41,49
26,42,31
26,42,32
26,42,42
26,42,43
26,42,44
26,42,45
26,42,46
26,42,47
26,42,48
26,42,49
26,43,31
26,43,32
26,43,41
26,43,42
26,43,43
26,43,44
26,43,45
26,43,46
26,43,47
26,43,48
26,43,49
26,44,31
26,44,32
26,44,37
26,44,38
26,44,39
26,44,40
26,44,41
26,44,42
26,44,43
26,44,44
26,44,45
26,44,46
26,44,47
26,44,48
26,45,31
26,45,35
26,45,36
26,45,37
26,45,38
26,45,39
26,45,40
26,45,41
26,45,42
26,45,43
26,45,44
26,45,45
26,45,46
26,45,47
26,45,48
26,46,31
26,46,34
26,46,35
26,46,36
26,46,37
26,46,38
26,46,39
26,46,40
26,46,41
26,46,42
26,46,46
26,46,47
26,47,30
26,47,33
26,47,34
26,47,35
26,47,36
26,47,37
26,47,38
26,47,39
26,47,40
26,47,41
26,48,29
26,48,30
26,48,34
26,48,35
26,48,36
26,48,37
26,48,38
26,48,39
26,48,40
26,49,28
26,49,29
26,50,25
26,50,26
26,50,27
26,50,28
26,51,24
27,8,25
27,8,26
27,9,19
27,9,20
27,10,17
27,10,18
27,10,19
27,11,14
27,11,15
27,11,16
27,11,17
27,11,18
27,12,14
27,12,15
27,12,16
27,12,17
27,13,15
27,13,16
27,14,15
27,14,16
27,28,18
27,28,19
27,28,20
27,29,3
27,29,17
27,29,18
27,29,19
27,29,20
27,30,4
27,30,17
27,30,18
27,30,19
27,30,20
27,31,4
27,31,27
27,31,28
27,32,28
27,32,29
27,33,4
27,33,5
27,33,29
27,33,30
27,34,29
27,34,30
27,34,31
27,35,30
27,35,31
27,36,30
27,36,31
27,36,32
27,37,14
27,37,30
27,37,31
27,37,32
27,38,14
27,38,15
27,38,16
27,38,29
27,38,30
27,38,31
27,39,14
27,39,15
27,39,29
27,39,30
27,40,14
27,40,15
27,40,28
27,40,29
27,40,30
27,40,44
27,40,45
27,40,46
27,40,47
27,40,48
27,41,15
27,41,28
27,41,29
27,41,30
27,41,43
27,41,44
27,41,45
27,41,46
27,41,47
27,41,48
27,41,49
27,42,15
27,42,42
27,42,43
27,42,44
27,42,45
27,42,46
27,42,47
27,42,48
27,42,49
27,43,16
27,43,41
27,43,42
27,43,43
27,43,44
27,43,45
27,43,46
27,43,47
27,43,48
27,44,16
27,44,38
27,44,39
27,44,40
27,44,41
27,44,42
27,44,43
27,44,44
27,44,45
27,44,46
27,44,47
27,44,48
27,45,36
27,45,37
27,45,38
27,45,39
27,45,40
27,45,41
27,45,42
27,45,43
27,45,44
27,45,45
27,45,46
27,45,47
27,46,35
27,46,36
27,46,37
27,46,38
27,46,39
27,46,40
27,46,41
27,46,42
27,46,43
27,47,34
27,47,35
27,47,36
27,47,37
27,47,38
27,47,39
27,47,40
27,47,41
27,47,42
27,48,28
27,48,29
27,48,34
27,48,35
27,48,36
27,48,37
27,48,38
27,48,39
27,48,40
27,48,41
27,49,26
27,49,27
27,49,28
27,49,35
27,49,36
27,49,38
27,49,39
27,49,40
27,50,24
27,50,25
27,50,26
27,51,27
27,52,24
28,9,20
28,9,21
28,9,22
28,9,23
28,9,24
28,9,25
28,9,26
28,9,27
28,10,17
28,10,18
28,10,19
28,10,20
28,10,21
28,11,14
28,11,15
28,11,16
28,11,17
28,11,18
28,11,19
28,12,14
28,12,15
28,12,16
28,12,17
28,13,14
28,13,15
28,13,16
28,14,14
28,14,15
28,14,16
28,15,15
28,15,16
28,16,15
28,16,16
28,17,16
28,27,11
28,27,12
28,27,13
28,27,14
28,28,10
28,28,11
28,28,12
28,28,13
28,28,14
28,28,19
28,28,20
28,29,18
28,29,19
28,29,20
28,29,21
28,30,3
28,31,4
28,31,27
28,31,28
28,32,26
28,32,27
28,32,28
28,33,5
28,33,27
28,33,28
28,33,29
28,33,30
28,34,28
28,34,29
28,34,30
28,34,31
28,35,29
28,35,30
28,35,31
28,36,29
28,36,30
28,36,31
28,37,14
28,37,29
28,37,30
28,37,31
28,38,13
28,38,14
28,38,15
28,38,16
28,38,29
28,38,30
28,38,31
28,39,13
28,39,14
28,39,17
28,39,29
28,39,30
28,40,14
28,40,28
28,40,29
28,40,30
28,40,44
28,40,45
28,40,46
28,40,47
28,40,48
28,41,14
28,41,15
28,41,28
28,41,29
28,41,30
28,41,43
28,41,44
28,41,45
28,41,46
28,41,47
28,41,48
28,41,49
28,42,14
28,42,15
28,42,29
28,42,42
28,42,43
28,42,44
28,42,45
28,42,46
28,42,47
28,42,48
28,42,49
28,43,41
28,43,42
28,43,43
28,43,44
28,43,45
28,43,46
28,43,47
28,43,48
28,44,39
28,44,40
28,44,41
28,44,42
28,44,43
28,44,44
28,44,45
28,44,46
28,44,47
28,45,29
28,45,37
28,45,38
28,45,39
28,45,40
28,45,41
28,45,42
28,45,43
28,45,44
28,45,45
28,45,46
28,46,29
28,46,35
28,46,36
28,46,37
28,46,38
28,46,39
28,46,40
28,46,41
28,46,42
28,46,43
28,46,44
28,47,27
28,47,28
28,47,30
28,47,34
28,47,35
28,47,36
28,47,37
28,47,38
28,47,39
28,47,40
28,47,41
28,47,42
28,47,43
28,48,26
28,48,27
28,48,28
28,48,29
28,48,34
28,48,35
28,48,36
28,48,37
28,48,38
28,48,39
28,48,40
28,48,41
28,48,42
28,49,25
28,49,26
28,49,34
28,49,35
28,49,36
28,49,37
28,49,38
28,49,39
28,49,40
28,49,41
28,50,24
28,51,24
28,51,27
29,9,19
29,9,20
29,9,21
29,9,22
29,9,23
29,9,24
29,9,25
29,9,26
29,9,27
29,9,28
29,10,17
29,10,18
29,10,19
29,10,20
29,10,21
29,10,22
29,11,14
29,11,15
29,11,16
29,11,17
29,11,18
29,11,19
29,12,13
29,12,14
29,12,15
29,12,16
29,12,17
29,13,13
29,13,14
29,13,15
29,13,16
29,13,17
29,14,13
29,14,14
29,14,15
29,14,16
29,14,17
29,15,13
29,15,14
29,15,15
29,15,16
29,15,17
29,16,14
29,16,15
29,16,16
29,16,17
29,17,15
29,17,16
29,17,17
29,27,9
29,27,10
29,27,11
29,27,12
29,27,13
29,27,14
29,27,20
29,27,21
29,28,9
29,28,10
29,28,11
29,28,12
29,28,13
29,28,14
29,28,19
29,28,20
29,28,21
29,29,12
29,29,13
29,29,20
29,29,21
29,30,3
29,30,22
29,31,23
29,31,24
29,31,25
29,32,24
29,32,25
29,32,26
29,33,25
29,33,26
29,33,27
29,33,28
29,33,29
29,34,26
29,34,27
29,34,28
29,34,29
29,34,30
29,34,31
29,35,27
29,35,28
29,35,29
29,35,30
29,35,31
29,36,28
29,36,29
29,36,30
29,36,31
29,36,32
29,37,14
29,37,28
29,37,29
29,37,30
29,37,31
29,37,32
29,38,13
29,38,14
29,38,15
29,38,29
29,38,30
29,38,31
29,38,32
29,39,13
29,39,29
29,39,30
29,39,31
29,39,32
29,40,13
29,40,14
29,40,28
29,40,29
29,40,30
29,40,32
29,40,44
29,40,45
29,40,46
29,40,47
29,41,13
29,41,14
29,41,27
29,41,28
29,41,29
29,41,30
29,41,43
29,41,44
29,41,45
29,41,46
29,41,47
29,42,14
29,42,15
29,42,27
29,42,28
29,42,29
29,42,42
29,42,43
29,42,44
29,42,45
29,42,46
29,42,47
29,43,26
29,43,27
29,43,41
29,43,42
29,43,43
29,43,44
29,43,45
29,43,46
29,44,25
29,44,26
29,44,40
29,44,41
29,44,42
29,44,43
29,44,44
29,44,45
29,45,25
29,45,31
29,45,38
29,45,39
29,45,40
29,45,41
29,45,42
29,45,43
29,45,44
29,46,25
29,46,31
29,46,37
29,46,38
29,46,39
29,46,40
29,46,41
29,46,42
29,46,43
29,47,25
29,47,30
29,47,31
29,47,35
29,47,36
29,47,37
29,47,38
29,47,39
29,47,40
29,47,41
29,47,42
29,47,43
29,48,25
29,48,30
29,48,35
29,48,36
29,48,37
29,48,38
29,48,39
29,48,40
29,48,41
29,48,42
29,49,24
29,49,29
29,49,39
29,49,40
29,50,24
29,50,28
29,51,27
30,8,23
30,8,24
30,8,25
30,8,26
30,11,14
30,11,15
30,11,16
30,12,13
30,12,14
30,12,15
30,12,16
30,13,12
30,13,13
30,13,14
30,13,15
30,13,16
30,13,17
30,14,12
30,14,13
30,14,14
30,14,15
30,14,16
30,14,17
30,15,8
30,15,12
30,15,13
30,15,14
30,15,15
30,15,16
30,15,17
30,16,7
30,16,8
30,16,12
30,16,13
30,16,14
30,16,15
30,16,16
30,16,17
30,17,14
30,17,15
30,17,16
30,17,17
30,18,15
30,18,16
30,18,17
30,27,9
30,27,10
30,27,11
30,27,12
30,27,13
30,27,14
30,27,20
30,27,21
30,28,9
30,28,10
30,28,11
30,28,12
30,28,13
30,28,14
30,28,20
30,28,21
30,29,12
30,29,13
30,29,20
30,29,21
30,30,22
30,31,24
30,31,25
30,32,5
30,32,25
30,32,26
30,33,26
30,33,27
30,33,28
30,33,29
30,34,26
30,34,27
30,34,28
30,34,29
30,34,30
30,34,31
30,35,27
30,35,28
30,35,29
30,35,30
30,35,31
30,36,28
30,36,29
30,36,30
30,36,31
30,36,32
30,37,28
30,37,29
30,37,30
30,37,31
30,37,32
30,38,13
30,38,14
30,38,15
30,38,29
30,38,30
30,38,31
30,38,32
30,39,13
30,39,29
30,39,30
30,39,31
30,39,32
30,40,13
30,40,14
30,40,28
30,40,29
30,40,30
30,40,32
30,41,13
30,41,14
30,41,17
30,41,27
30,41,28
30,41,29
30,41,45
30,42,14
30,42,15
30,42,27
30,42,28
30,42,29
30,42,44
30,43,14
30,43,26
30,43,27
30,43,32
30,43,41
30,43,42
30,43,43
30,44,25
30,44,26
30,44,32
30,44,40
30,44,41
30,44,42
30,44,43
30,45,25
30,45,31
30,45,32
30,45,39
30,45,40
30,45,41
30,45,42
30,46,25
30,46,31
30,46,32
30,46,38
30,46,39
30,46,40
30,46,41
30,47,25
30,47,30
30,47,31
30,47,39
30,47,40
30,48,24
30,48,30
30,49,24
30,49,29
30,50,24
30,50,28
30,51,27
31,11,14
31,11,15
31,12,13
31,12,14
31,12,15
31,13,13
31,13,14
31,13,15
31,13,16
31,14,12
31,14,13
31,14,14
31,14,15
31,14,16
31,14,17
31,15,12
31,15,13
31,15,14
31,15,15
31,15,16
31,15,17
31,16,7
31,16,8
31,16,12
31,16,13
31,16,14
31,16,15
31,16,16
31,16,17
31,17,13
31,17,14
31,17,15
31,17,16
31,17,17
31,18,15
31,18,16
31,18,17
31,19,17
31,27,9
31,27,10
31,27,11
31,27,12
31,27,13
31,27,14
31,27,20
31,28,9
31,28,10
31,28,11
31,28,12
31,28,13
31,28,14
31,28,19
31,28,20
31,29,20
31,29,21
31,31,27
31,31,28
31,32,26
31,32,27
31,32,28
31,33,27
31,33,28
31,33,29
31,33,30
31,34,28
31,34,29
31,34,30
31,34,31
31,35,29
31,35,30
31,35,31
31,36,29
31,36,30
31,36,31
31,37,30
31,37,31
31,37,32
31,38,13
31,38,14
31,38,15
31,38,16
31,38,30
31,38,31
31,38,32
31,39,13
31,39,14
31,39,29
31,39,30
31,40,14
31,40,29
31,40,30
31,41,14
31,41,28
31,41,29
31,42,14
31,42,15
31,42,28
31,43,14
31,43,15
31,44,40
31,44,41
31,45,28
31,45,31
31,46,25
31,46,26
31,46,27
31,46,31
31,47,25
31,47,26
31,47,30
31,47,31
31,48,25
31,48,26
31,48,30
31,49,29
31,50,24
31,51,27
32,11,14
32,12,13
32,12,14
32,13,13
32,13,14
32,13,15
32,14,13
32,14,14
32,14,15
32,14,16
32,15,13
32,15,14
32,15,15
32,15,16
32,16,13
32,16,14
32,16,15
32,16,16
32,16,17
32,17,13
32,17,14
32,17,15
32,17,16
32,17,17
32,18,14
32,18,15
32,18,16
32,18,17
32,19,15
32,19,16
32,19,17
32,27,12
32,27,13
32,28,11
32,28,12
32,28,13
32,28,19
32,28,20
32,29,19
32,29,20
32,31,27
32,31,28
32,32,5
32,32,29
32,33,29
32,33,30
32,34,4
32,34,5
32,34,30
32,34,31
32,35,30
32,35,31
32,36,30
32,36,31
32,37,30
32,37,31
32,38,14
32,38,15
32,38,16
32,38,30
32,38,31
32,39,14
32,39,29
32,39,30
32,40,14
32,40,29
32,40,30
32,41,14
32,41,29
32,41,30
32,42,14
32,42,15
32,43,15
32,43,16
32,44,40
32,44,41
32,45,37
32,45,38
32,45,39
32,46,29
32,46,36
32,47,28
32,48,26
32,48,27
32,48,28
32,49,25
32,49,29
32,50,24
33,7,26
33,7,27
33,8,27
33,14,14
33,14,15
33,15,14
33,15,15
33,16,6
33,16,14
33,16,15
33,16,16
33,17,15
33,17,16
33,18,15
33,18,16
33,19,16
33,28,3
33,28,19
33,29,4
33,29,5
33,29,18
33,29,19
33,30,4
33,30,5
33,30,6
33,30,27
33,30,28
33,31,5
33,31,6
33,31,28
33,31,29
33,32,4
33,32,5
33,32,6
33,32,29
33,32,30
33,33,3
33,33,4
33,33,5
33,33,30
33,34,4
33,34,5
33,34,30
33,35,30
33,35,31
33,36,30
33,36,31
33,37,30
33,37,31
33,38,30
33,38,31
33,39,29
33,39,30
33,39,31
33,40,16
33,40,29
33,40,30
33,40,31
33,40,32
33,40,45
33,40,46
33,41,16
33,41,30
33,41,31
33,41,45
33,41,46
33,42,15
33,42,16
33,42,31
33,42,43
33,42,44
33,43,15
33,43,16
33,43,31
33,43,41
33,43,42
33,44,31
33,44,37
33,44,38
33,44,39
33,44,40
33,44,41
33,45,31
33,45,36
33,45,37
33,45,38
33,45,39
33,46,30
33,46,35
33,46,36
33,46,37
33,46,38
33,47,30
33,47,34
33,47,35
33,47,36
33,48,28
33,48,29
33,49,26
33,49,27
33,50,25
33,50,26
34,7,26
34,7,27
34,8,27
34,15,6
34,16,6
34,17,5
34,17,6
34,17,7
34,28,3
34,28,4
34,28,5
34,29,4
34,29,5
34,29,6
34,29,27
34,30,4
34,30,5
34,30,6
34,30,27
34,30,28
34,31,4
34,31,5
34,31,6
34,31,7
34,31,28
34,31,29
34,32,3
34,32,4
34,32,5
34,32,6
34,32,7
34,32,29
34,32,30
34,33,3
34,33,4
34,33,5
34,33,6
34,33,7
34,33,30
34,34,30
34,35,30
34,35,31
34,36,30
34,36,31
34,37,30
34,37,31
34,37,32
34,38,29
34,38,30
34,38,31
34,38,32
34,39,29
34,39,30
34,39,31
34,39,32
34,40,29
34,40,30
34,40,31
34,40,32
34,40,43
34,40,44
34,40,45
34,40,46
34,40,47
34,41,31
34,41,32
34,41,42
34,41,43
34,41,44
34,41,45
34,41,46
34,41,47
34,41,48
34,42,31
34,42,32
34,42,41
34,42,42
34,42,43
34,42,44
34,42,45
34,42,46
34,42,47
34,42,48
34,43,31
34,43,32
34,43,38
34,43,39
34,43,40
34,43,41
34,43,42
34,43,43
34,43,44
34,43,46
34,43,47
34,44,31
34,44,32
34,44,37
34,44,38
34,44,39
34,44,40
34,44,41
34,45,31
34,45,35
34,45,36
34,45,37
34,45,38
34,45,39
34,45,40
34,46,30
34,46,34
34,46,35
34,46,36
34,46,37
34,46,38
34,46,39
34,47,30
34,47,33
34,47,34
34,47,35
34,47,36
34,47,37
34,48,29
34,48,34
34,48,35
34,48,36
34,49,28
34,50,25
34,50,26
34,50,27
35,15,6
35,16,5
35,16,6
35,16,7
35,17,5
35,17,6
35,17,7
35,18,5
35,18,6
35,18,7
35,18,8
35,19,46
35,20,46
35,21,47
35,28,4
35,28,5
35,29,4
35,29,5
35,29,6
35,29,27
35,29,28
35,30,4
35,30,5
35,30,6
35,30,28
35,31,4
35,31,5
35,31,6
35,31,7
35,31,29
35,32,4
35,32,5
35,32,6
35,32,7
35,32,29
35,32,30
35,33,4
35,33,5
35,33,6
35,33,7
35,33,30
35,33,31
35,34,30
35,34,31
35,35,30
35,35,31
35,35,32
35,36,30
35,36,31
35,36,32
35,37,29
35,37,30
35,37,31
35,37,32
35,38,29
35,38,30
35,38,31
35,38,32
35,39,30
35,39,31
35,39,32
35,40,31
35,40,32
35,40,43
35,41,31
35,41,32
35,41,41
35,41,42
35,41,43
35,41,44
35,41,45
35,41,46
35,41,47
35,41,48
35,42,31
35,42,32
35,42,41
35,42,42
35,42,43
35,42,44
35,42,45
35,42,46
35,42,47
35,42,48
35,43,31
35,43,32
35,43,40
35,43,41
35,43,43
35,43,46
35,43,47
35,43,48
35,44,31
35,44,32
35,44,40
35,45,30
35,45,31
35,45,39
35,46,30
35,46,31
35,47,29
35,47,30
35,48,29
35,48,30
35,49,28
35,50,26
35,50,27
36,14,24
36,15,6
36,15,24
36,15,25
36,16,5
36,16,6
36,16,7
36,17,5
36,17,6
36,17,7
36,17,8
36,18,5
36,18,6
36,18,7
36,18,8
36,19,4
36,19,5
36,19,6
36,19,7
36,19,8
36,19,46
36,20,7
36,20,46
36,21,46
36,21,47
36,22,48
36,23,39
36,23,40
36,24,39
36,24,40
36,25,40
36,26,39
36,28,26
36,29,4
36,29,5
36,29,27
36,29,28
36,30,4
36,30,5
36,30,6
36,30,28
36,31,4
36,31,5
36,31,6
36,31,7
36,31,29
36,32,4
36,32,5
36,32,6
36,32,7
36,32,29
36,32,30
36,33,5
36,33,7
36,33,29
36,33,30
36,33,31
36,34,8
36,34,30
36,34,31
36,34,32
36,34,38
36,35,8
36,35,9
36,35,30
36,35,31
36,35,32
36,36,8
36,36,9
36,36,30
36,36,31
36,36,32
36,37,30
36,37,31
36,37,32
36,38,30
36,38,31
36,38,32
36,39,31
36,39,32
36,40,31
36,40,32
36,41,31
36,41,32
36,42,31
36,42,32
36,42,40
36,43,31
36,43,32
36,44,30
36,44,31
36,45,30
36,46,30
36,47,29
36,47,30
36,48,28
36,48,29
36,49,27
36,49,28
36,50,26
37,14,23
37,14,24
37,15,5
37,15,6
37,15,23
37,15,24
37,15,25
37,16,5
37,16,6
37,16,7
37,16,23
37,16,24
37,16,25
37,16,26
37,17,5
37,17,6
37,17,7
37,17,8
37,17,24
37,17,25
37,17,26
37,18,5
37,18,6
37,18,7
37,18,8
37,18,15
37,19,4
37,19,5
37,19,6
37,19,7
37,19,8
37,19,14
37,19,15
37,19,46
37,20,5
37,20,6
37,20,7
37,20,8
37,20,13
37,20,14
37,20,15
37,20,45
37,20,46
37,21,7
37,21,46
37,21,47
37,22,37
37,22,38
37,23,37
37,23,38
37,23,39
37,23,40
37,24,38
37,24,39
37,24,40
37,25,39
37,25,40
37,26,40
37,28,26
37,29,27
37,30,28
37,31,5
37,31,6
37,31,29
37,32,5
37,32,6
37,32,29
37,33,8
37,33,29
37,33,30
37,34,8
37,34,9
37,35,8
37,35,9
37,36,8
37,36,9
37,37,8
37,40,39
37,54,32
37,55,31
37,55,32
37,56,30
37,56,31
37,57,28
38,15,5
38,15,6
38,15,7
38,15,23
38,16,5
38,16,6
38,16,7
38,16,23
38,16,24
38,17,5
38,17,6
38,17,7
38,17,15
38,17,23
38,17,24
38,17,25
38,17,26
38,18,5
38,18,6
38,18,7
38,18,8
38,18,14
38,18,15
38,18,24
38,18,25
38,18,26
38,18,27
38,19,4
38,19,5
38,19,6
38,19,7
38,19,8
38,19,13
38,19,14
38,19,15
38,19,45
38,20,4
38,20,5
38,20,6
38,20,7
38,20,8
38,20,12
38,20,13
38,20,14
38,20,15
38,20,46
38,21,5
38,21,6
38,21,7
38,21,8
38,21,12
38,21,13
38,21,14
38,21,15
38,22,12
38,22,13
38,22,14
38,23,36
38,23,37
38,23,38
38,24,27
38,24,28
38,24,37
38,24,38
38,24,39
38,25,37
38,25,38
38,25,39
38,25,40
38,26,26
38,26,37
38,26,38
38,26,39
38,26,40
38,27,26
38,27,39
38,28,26
38,29,26
38,29,27
38,30,26
38,30,27
38,30,28
38,31,5
38,31,28
38,32,5
38,32,6
38,34,7
38,34,8
38,35,8
38,36,8
38,50,26
38,53,32
38,54,31
38,54,32
38,55,30
38,55,31
38,55,32
38,56,29
38,56,30
38,56,31
39,15,6
39,16,5
39,16,6
39,16,7
39,16,23
39,17,5
39,17,6
39,17,7
39,17,15
39,17,22
39,17,23
39,18,5
39,18,6
39,18,7
39,18,14
39,18,15
39,18,16
39,18,22
39,18,23
39,19,5
39,19,6
39,19,7
39,19,8
39,19,13
39,19,14
39,19,15
39,19,16
39,19,23
39,19,24
39,19,25
39,19,26
39,20,4
39,20,5
39,20,6
39,20,7
39,20,8
39,20,12
39,20,13
39,20,14
39,20,15
39,20,24
39,20,25
39,20,26
39,21,4
39,21,5
39,21,6
39,21,7
39,21,8
39,21,12
39,21,13
39,21,14
39,21,15
39,21,25
39,21,26
39,21,27
39,22,6
39,22,7
39,22,8
39,22,9
39,22,10
39,22,11
39,22,12
39,22,13
39,22,14
39,22,15
39,22,25
39,22,26
39,22,27
39,23,7
39,23,8
39,23,9
39,23,10
39,23,11
39,23,12
39,23,13
39,23,14
39,23,25
39,23,26
39,23,27
39,24,8
39,24,9
39,24,10
39,24,11
39,24,25
39,24,26
39,25,25
39,25,36
39,26,24
39,26,36
39,26,37
39,26,38
39,27,24
39,27,25
39,27,36
39,27,37
39,27,38
39,28,24
39,28,25
39,28,26
39,28,37
39,29,25
39,29,26
39,30,25
39,30,26
39,31,30
39,35,8
39,40,38
39,41,38
39,42,38
39,46,27
39,46,28
39,47,26
39,47,27
39,47,28
39,48,26
39,48,27
39,48,28
39,49,25
39,49,26
39,49,27
39,49,28
39,50,25
39,50,26
39,50,27
39,50,28
39,51,26
39,51,27
39,51,33
39,52,25
39,52,26
39,52,33
39,53,31
39,53,32
39,53,33
39,54,30
39,54,31
39,54,32
39,54,33
39,55,29
39,55,30
39,55,31
39,55,32
39,55,33
39,56,28
39,56,29
39,56,30
39,56,31
39,56,32
39,56,33
39,57,22
39,57,29
39,57,30
39,57,31
39,57,32
40,15,6
40,17,14
40,17,15
40,17,22
40,17,23
40,18,5
40,18,13
40,18,14
40,18,15
40,18,16
40,18,22
40,18,23
40,19,5
40,19,6
40,19,13
40,19,14
40,19,15
40,19,16
40,19,22
40,19,23
40,20,4
40,20,5
40,20,6
40,20,7
40,20,13
40,20,14
40,20,15
40,20,22
40,20,23
40,21,4
40,21,5
40,21,6
40,21,7
40,21,8
40,21,12
40,21,13
40,21,14
40,21,15
40,21,23
40,21,24
40,21,25
40,21,26
40,22,4
40,22,5
40,22,6
40,22,7
40,22,8
40,22,9
40,22,10
40,22,11
40,22,12
40,22,13
40,22,14
40,22,15
40,22,23
40,22,24
40,22,25
40,22,26
40,23,4
40,23,5
40,23,6
40,23,7
40,23,8
40,23,9
40,23,10
40,23,11
40,23,12
40,23,13
40,23,14
40,23,23
40,23,24
40,23,25
40,23,26
40,24,6
40,24,7
40,24,8
40,24,9
40,24,10
40,24,11
40,24,12
40,24,13
40,24,23
40,24,24
40,24,25
40,25,8
40,25,9
40,25,11
40,25,23
40,25,24
40,26,23
40,26,24
40,26,35
40,27,23
40,27,24
40,27,36
40,27,37
40,28,23
40,28,24
40,28,25
40,28,36
40,29,23
40,29,24
40,29,25
40,30,23
40,30,24
40,30,25
40,31,24
40,39,38
40,40,38
40,41,38
40,43,29
40,44,28
40,44,29
40,45,27
40,45,28
40,45,29
40,46,25
40,46,26
40,46,27
40,46,28
40,46,29
40,47,25
40,47,26
40,47,27
40,47,28
40,48,25
40,48,26
40,48,27
40,48,28
40,49,25
40,49,26
40,49,27
40,49,28
40,50,25
40,50,26
40,50,27
40,50,28
40,50,33
40,51,25
40,51,26
40,51,27
40,51,28
40,51,33
40,52,25
40,52,26
40,52,27
40,52,32
40,52,33
40,53,25
40,53,30
40,53,31
40,53,32
40,53,33
40,53,34
40,54,29
40,54,30
40,54,31
40,54,32
40,54,33
40,54,34
40,55,28
40,55,29
40,55,30
40,55,31
40,55,32
40,55,33
40,55,34
40,55,35
40,56,27
40,56,28
40,56,29
40,56,30
40,56,31
40,56,32
40,56,33
40,56,34
40,56,35
40,57,28
40,57,29
40,57,30
40,57,31
40,57,32
40,57,33
40,57,34
40,57,35
40,57,36
40,58,29
40,58,30
40,58,31
40,58,32
40,58,33
40,58,34
40,58,35
40,58,36
40,59,30
40,59,31
40,59,32
40,59,33
40,59,34
40,59,35
40,59,36
40,60,31
40,60,32
40,60,33
40,60,34
40,60,35
40,61,32
40,61,33
40,61,34
41,16,14
41,17,13
41,17,14
41,17,15
41,18,13
41,18,14
41,18,15
41,18,23
41,18,24
41,19,13
41,19,14
41,19,15
41,19,23
41,20,5
41,20,6
41,20,13
41,20,14
41,20,15
41,20,23
41,21,4
41,21,5
41,21,6
41,21,7
41,21,12
41,21,13
41,21,14
41,21,15
41,22,4
41,22,5
41,22,6
41,22,7
41,22,8
41,22,11
41,22,12
41,22,13
41,22,14
41,22,22
41,23,4
41,23,5
41,23,6
41,23,7
41,23,8
41,23,9
41,23,10
41,23,11
41,23,12
41,23,13
41,23,14
41,23,22
41,24,4
41,24,5
41,24,6
41,24,7
41,24,8
41,24,9
41,24,10
41,24,11
41,24,12
41,24,13
41,24,14
41,24,22
41,25,5
41,25,6
41,25,7
41,25,11
41,25,12
41,25,13
41,25,22
41,25,23
41,26,22
41,26,23
41,27,22
41,27,23
41,27,35
41,27,36
41,28,22
41,28,23
41,28,35
41,29,22
41,29,23
41,29,24
41,29,30
41,30,22
41,30,23
41,30,24
41,30,31
41,31,22
41,31,23
41,31,32
41,32,22
41,32,32
41,33,32
41,34,32
41,38,31
41,38,37
41,39,37
41,39,38
41,40,30
41,40,37
41,40,38
41,41,30
41,41,35
41,42,28
41,42,29
41,42,30
41,43,26
41,43,27
41,43,28
41,43,29
41,43,30
41,43,32
41,44,25
41,44,26
41,44,27
41,44,28
41,44,29
41,44,30
41,45,25
41,45,26
41,45,27
41,45,28
41,45,29
41,46,24
41,46,25
41,46,26
41,46,27
41,46,28
41,46,29
41,47,24
41,47,25
41,47,26
41,47,27
41,47,28
41,47,29
41,48,24
41,48,25
41,48,26
41,48,27
41,48,28
41,48,29
41,49,24
41,49,25
41,49,26
41,49,27
41,49,28
41,49,29
41,50,24
41,50,25
41,50,26
41,50,27
41,50,28
41,50,29
41,51,25
41,51,26
41,51,27
41,51,28
41,51,32
41,51,33
41,52,25
41,52,26
41,52,27
41,52,28
41,52,31
41,52,32
41,52,33
41,53,25
41,53,26
41,53,27
41,53,28
41,53,29
41,53,30
41,53,31
41,53,32
41,53,33
41,53,34
41,54,25
41,54,26
41,54,27
41,54,28
41,54,29
41,54,30
41,54,31
41,54,32
41,54,33
41,54,34
41,54,35
41,55,25
41,55,27
41,55,28
41,55,29
41,55,30
41,55,31
41,55,32
41,55,33
41,55,34
41,55,35
41,55,36
41,56,28
41,56,29
41,56,30
41,56,31
41,56,32
41,56,33
41,56,34
41,56,35
41,56,36
41,56,37
41,57,28
41,57,29
41,57,30
41,57,31
41,57,32
41,57,33
41,57,34
41,57,35
41,57,36
41,57,37
41,58,29
41,58,30
41,58,31
41,58,32
41,58,33
41,58,34
41,58,35
41,58,36
41,59,29
41,59,30
41,59,31
41,59,32
41,59,33
41,59,34
41,59,35
41,60,30
41,60,31
41,60,32
41,60,33
41,60,34
41,61,30
41,61,31
41,61,32
41,62,31
42,15,14
42,16,13
42,16,14
42,16,15
42,17,13
42,17,14
42,17,15
42,18,13
42,18,14
42,18,15
42,19,13
42,19,14
42,19,15
42,20,13
42,20,14
42,20,15
42,21,5
42,21,6
42,21,12
42,21,13
42,21,14
42,21,15
42,22,5
42,22,6
42,22,7
42,22,11
42,22,12
42,22,13
42,22,14
42,22,23
42,23,5
42,23,6
42,23,7
42,23,8
42,23,11
42,23,12
42,23,13
42,23,14
42,23,22
42,24,5
42,24,6
42,24,7
42,24,11
42,24,12
42,24,13
42,24,22
42,25,5
42,25,6
42,25,7
42,25,11
42,25,12
42,25,13
42,25,21
42,25,22
42,26,5
42,26,21
42,26,22
42,27,21
42,27,22
42,27,35
42,27,36
42,28,21
42,28,22
42,28,35
42,28,36
42,29,21
42,29,22
42,29,31
42,30,21
42,30,22
42,30,32
42,31,21
42,31,22
42,31,32
42,32,21
42,32,22
42,32,32
42,33,20
42,33,21
42,33,32
42,34,20
42,34,21
42,34,32
42,35,32
42,36,32
42,39,37
42,40,36
42,40,37
42,41,30
42,42,25
42,42,26
42,42,27
42,42,28
42,42,29
42,42,30
42,43,24
42,43,25
42,43,26
42,43,27
42,43,28
42,43,29
42,43,30
42,43,31
42,44,16
42,44,23
42,44,24
42,44,25
42,44,26
42,44,27
42,44,28
42,44,29
42,44,30
42,45,16
42,45,17
42,45,23
42,45,24
42,45,25
42,45,26
42,45,27
42,45,28
42,45,29
42,45,30
42,46,23
42,46,24
42,46,25
42,46,26
42,46,27
42,46,28
42,46,29
42,46,30
42,47,23
42,47,24
42,47,25
42,47,26
42,47,27
42,47,28
42,47,29
42,48,23
42,48,24
42,48,25
42,48,26
42,48,27
42,48,28
42,48,29
42,49,23
42,49,24
42,49,25
42,49,26
42,49,27
42,49,28
42,50,24
42,50,25
42,50,26
42,50,27
42,50,28
42,51,25
42,51,26
42,51,27
42,52,25
42,52,26
42,52,27
42,52,32
42,52,33
42,52,34
42,53,25
42,53,26
42,53,31
42,53,32
42,53,33
42,53,34
42,53,35
42,54,30
42,54,31
42,54,32
42,54,33
42,54,34
42,54,35
42,54,36
42,54,37
42,55,29
42,55,30
42,55,31
42,55,32
42,55,33
42,55,34
42,55,35
42,55,36
42,55,37
42,55,38
42,56,29
42,56,30
42,56,31
42,56,32
42,56,33
42,56,34
42,56,35
42,56,36
42,56,37
42,56,38
42,57,28
42,57,29
42,57,30
42,57,31
42,57,32
42,57,33
42,57,34
42,57,35
42,57,36
42,58,28
42,58,29
42,58,30
42,58,31
42,58,32
42,58,33
42,58,34
42,58,35
42,58,36
42,59,29
42,59,30
42,59,31
42,59,32
42,59,33
42,59,34
42,60,29
42,60,30
42,60,31
42,60,32
42,60,33
42,61,29
42,61,30
42,61,31
42,62,29
42,62,30
43,15,14
43,15,15
43,16,13
43,16,14
43,16,15
43,17,13
43,17,14
43,17,15
43,18,13
43,18,14
43,18,15
43,19,13
43,19,14
43,19,15
43,20,12
43,20,13
43,20,14
43,21,12
43,21,13
43,21,14
43,22,5
43,22,11
43,22,12
43,22,13
43,22,14
43,23,5
43,23,6
43,23,11
43,23,12
43,23,13
43,23,14
43,24,5
43,24,6
43,24,11
43,24,12
43,24,13
43,24,22
43,25,5
43,25,6
43,25,11
43,25,12
43,25,22
43,26,5
43,26,21
43,27,31
43,27,32
43,27,35
43,27,36
43,27,37
43,28,20
43,28,32
43,28,35
43,28,36
43,29,20
43,29,32
43,30,20
43,31,20
43,32,19
43,32,20
43,33,19
43,33,20
43,33,21
43,33,22
43,34,19
43,34,20
43,34,21
43,35,18
43,35,19
43,35,20
43,35,21
43,36,18
43,36,19
43,36,20
43,36,23
43,37,17
43,37,18
43,37,19
43,37,20
43,37,21
43,37,22
43,37,23
43,37,32
43,38,16
43,38,17
43,38,18
43,38,19
43,38,20
43,38,21
43,38,22
43,39,16
43,39,17
43,39,18
43,39,19
43,39,20
43,39,21
43,39,31
43,40,15
43,40,16
43,40,17
43,40,18
43,40,19
43,40,20
43,41,17
43,41,18
43,41,19
43,41,20
43,41,30
43,41,31
43,41,32
43,41,33
43,42,17
43,42,18
43,42,19
43,42,20
43,42,24
43,42,25
43,42,26
43,42,27
43,42,28
43,42,29
43,42,30
43,42,31
43,43,17
43,43,18
43,43,19
43,43,22
43,43,23
43,43,24
43,43,25
43,43,26
43,43,27
43,43,28
43,43,29
43,43,30
43,44,16
43,44,17
43,44,18
43,44,22
43,44,23
43,44,24
43,44,25
43,44,26
43,44,27
43,44,28
43,44,29
43,44,30
43,45,16
43,45,17
43,45,18
43,45,22
43,45,23
43,45,24
43,45,25
43,45,26
43,45,27
43,45,28
43,45,29
43,45,30
43,46,16
43,46,17
43,46,22
43,46,23
43,46,24
43,46,25
43,46,26
43,46,27
43,46,28
43,46,29
43,47,22
43,47,23
43,47,24
43,47,25
43,47,26
43,47,27
43,47,28
43,47,29
43,48,23
43,48,24
43,48,25
43,48,26
43,48,27
43,48,28
43,49,25
43,49,26
43,49,27
43,52,33
43,52,34
43,53,32
43,53,33
43,53,34
43,53,35
43,53,36
43,54,31
43,54,32
43,54,33
43,54,34
43,54,35
43,54,36
43,54,37
43,54,38
43,55,30
43,55,31
43,55,32
43,55,33
43,55,34
43,55,35
43,55,36
43,55,37
43,56,30
43,56,31
43,56,32
43,56,33
43,56,34
43,56,35
43,56,36
43,57,28
43,57,29
43,57,30
43,57,31
43,57,32
43,57,33
43,57,34
43,57,35
43,58,28
43,58,29
43,58,30
43,58,31
43,58,32
43,58,33
43,58,34
43,59,28
43,59,29
43,59,30
43,59,31
43,59,32
43,60,28
43,60,29
43,60,30
43,60,31
43,60,32
43,61,28
43,61,29
43,62,28
44,15,14
44,15,15
44,16,13
44,16,14
44,16,15
44,17,13
44,17,14
44,17,15
44,18,13
44,18,14
44,18,15
44,19,13
44,19,14
44,20,12
44,20,13
44,20,14
44,21,12
44,21,13
44,21,14
44,22,11
44,22,12
44,22,13
44,22,14
44,23,11
44,23,12
44,23,13
44,24,11
44,24,12
44,24,13
44,24,23
44,25,11
44,25,12
44,25,22
44,26,21
44,27,33
44,27,34
44,27,35
44,27,36
44,27,37
44,28,20
44,28,33
44,28,35
44,28,36
44,28,37
44,29,20
44,29,33
44,29,35
44,30,19
44,30,20
44,30,33
44,31,19
44,31,20
44,32,19
44,32,20
44,33,19
44,33,21
44,34,18
44,34,19
44,34,21
44,35,18
44,35,19
44,35,20
44,35,21
44,36,18
44,36,19
44,36,20
44,36,21
44,36,22
44,36,23
44,37,17
44,37,18
44,37,19
44,37,20
44,37,21
44,37,22
44,37,23
44,38,16
44,38,17
44,38,18
44,38,19
44,38,20
44,38,21
44,38,22
44,38,23
44,39,16
44,39,17
44,39,18
44,39,19
44,39,20
44,39,21
44,39,22
44,39,23
44,39,31
44,40,16
44,40,17
44,40,18
44,40,19
44,40,20
44,40,21
44,40,22
44,41,17
44,41,18
44,41,19
44,41,20
44,41,21
44,41,22
44,41,30
44,41,31
44,41,32
44,41,33
44,41,34
44,42,17
44,42,18
44,42,19
44,42,20
44,42,21
44,42,22
44,42,23
44,42,24
44,42,25
44,42,29
44,42,30
44,42,31
44,42,32
44,43,17
44,43,18
44,43,19
44,43,20
44,43,21
44,43,22
44,43,23
44,43,24
44,43,25
44,43,26
44,43,27
44,43,28
44,43,29
44,43,30
44,43,31
44,44,16
44,44,17
44,44,18
44,44,19
44,44,20
44,44,21
44,44,22
44,44,23
44,44,24
44,44,25
44,44,26
44,44,27
44,44,28
44,44,29
44,44,30
44,45,16
44,45,17
44,45,18
44,45,19
44,45,20
44,45,21
44,45,22
44,45,23
44,45,24
44,45,25
44,45,26
44,45,27
44,45,28
44,45,29
44,46,18
44,46,21
44,46,22
44,46,23
44,46,24
44,46,25
44,46,26
44,46,27
44,46,28
44,46,29
44,47,22
44,47,23
44,47,24
44,47,25
44,47,26
44,47,27
44,47,28
44,48,26
44,48,27
44,52,33
44,52,34
44,53,33
44,53,34
44,53,35
44,53,36
44,54,32
44,54,33
44,54,34
44,54,35
44,54,36
44,54,37
44,55,31
44,55,32
44,55,33
44,55,34
44,55,35
44,55,36
44,56,30
44,56,31
44,56,32
44,56,33
44,56,34
44,56,35
44,56,36
44,57,28
44,57,29
44,57,30
44,57,31
44,57,32
44,57,33
44,57,34
44,58,27
44,58,28
44,58,29
44,58,30
44,58,31
44,58,32
44,58,33
44,58,34
44,59,28
44,59,29
44,59,30
44,59,31
44,59,32
44,60,28
44,60,29
44,60,30
44,61,28
45,16,14
45,17,13
45,17,14
45,17,15
45,18,13
45,18,14
45,18,15
45,19,13
45,19,14
45,19,15
45,20,12
45,20,13
45,20,14
45,21,12
45,21,13
45,21,14
45,22,11
45,22,12
45,22,13
45,23,11
45,23,12
45,23,13
45,24,11
45,24,12
45,28,34
45,28,35
45,28,36
45,29,34
45,29,35
45,29,36
45,37,21
45,37,22
45,38,20
45,38,21
45,38,22
45,39,19
45,39,20
45,39,21
45,39,22
45,40,18
45,40,19
45,40,20
45,40,21
45,40,22
45,40,30
45,40,31
45,41,17
45,41,18
45,41,19
45,41,20
45,41,21
45,41,22
45,41,29
45,41,30
45,41,31
45,41,32
45,41,33
45,41,34
45,42,17
45,42,18
45,42,19
45,42,20
45,42,21
45,42,22
45,42,23
45,42,24
45,42,28
45,42,29
45,42,30
45,42,31
45,42,32
45,42,33
45,43,17
45,43,18
45,43,19
45,43,20
45,43,21
45,43,22
45,43,23
45,43,24
45,43,25
45,43,26
45,43,27
45,43,28
45,43,29
45,43,30
45,43,31
45,43,32
45,44,17
45,44,18
45,44,19
45,44,20
45,44,21
45,44,22
45,44,23
45,44,24
45,44,25
45,44,26
45,44,27
45,44,28
45,44,29
45,44,30
45,44,31
45,45,18
45,45,19
45,45,20
45,45,21
45,45,22
45,45,23
45,45,24
45,45,25
45,45,26
45,45,27
45,45,28
45,45,29
45,45,30
45,46,19
45,46,20
45,46,21
45,46,22
45,46,23
45,46,24
45,46,25
45,46,26
45,46,27
45,46,28
45,47,21
45,47,22
45,47,23
45,47,24
45,47,25
45,47,26
45,53,33
45,53,34
45,53,35
45,54,33
45,54,34
45,54,35
45,54,36
45,55,31
45,55,32
45,55,33
45,55,34
45,56,30
45,56,31
45,56,32
45,56,33
45,56,34
45,57,27
45,57,28
45,57,29
45,57,30
45,57,31
45,57,32
45,58,27
45,58,28
45,58,29
45,58,30
45,58,31
45,59,27
45,59,28
45,60,27
46,17,14
46,17,15
46,18,14
46,18,15
46,19,13
46,19,14
46,19,15
46,20,12
46,20,13
46,20,14
46,21,12
46,21,13
46,22,11
46,22,12
46,22,13
46,23,11
46,23,12
46,28,34
46,28,35
46,28,36
46,29,34
46,29,35
46,29,36
46,30,34
46,30,35
46,40,20
46,40,21
46,40,22
46,41,19
46,41,20
46,41,21
46,41,22
46,41,29
46,41,30
46,41,31
46,42,18
46,42,19
46,42,20
46,42,21
46,42,22
46,42,27
46,42,28
46,42,29
46,42,30
46,42,31
46,42,32
46,42,33
46,43,18
46,43,19
46,43,20
46,43,21
46,43,22
46,43,23
46,43,24
46,43,25
46,43,26
46,43,27
46,43,28
46,43,29
46,43,30
46,43,31
46,43,32
46,43,33
46,44,18
46,44,19
46,44,20
46,44,21
46,44,22
46,44,23
46,44,24
46,44,25
46,44,26
46,44,27
46,44,28
46,44,29
46,44,30
46,44,31
46,44,32
46,45,19
46,45,20
46,45,21
46,45,22
46,45,23
46,45,24
46,45,25
46,45,26
46,45,27
46,45,28
46,45,29
46,45,30
46,45,31
46,46,19
46,46,20
46,46,21
46,46,22
46,46,23
46,46,24
46,46,25
46,46,26
46,46,27
46,46,28
46,46,29
46,47,20
46,47,21
46,47,22
46,53,34
46,53,35
46,54,33
46,54,34
46,54,35
46,55,32
46,55,33
46,55,34
46,56,30
46,56,31
46,56,32
46,57,26
46,57,27
46,57,28
46,57,29
46,57,30
46,58,26
46,58,27
46,58,28
46,58,29
46,59,26
47,19,14
47,19,15
47,20,13
47,20,14
47,20,15
47,21,12
47,21,13
47,22,11
47,22,12
47,22,13
47,23,12
47,25,41
47,25,42
47,26,40
47,26,41
47,26,42
47,27,39
47,27,40
47,27,41
47,27,42
47,28,33
47,28,34
47,28,35
47,28,36
47,28,37
47,28,38
47,28,39
47,28,40
47,28,41
47,29,33
47,29,34
47,29,35
47,29,36
47,29,37
47,30,33
47,30,34
47,30,35
47,30,36
47,31,34
47,42,26
47,42,27
47,42,28
47,42,29
47,42,30
47,42,31
47,43,21
47,43,22
47,43,23
47,43,24
47,43,25
47,43,26
47,43,27
47,43,28
47,43,29
47,43,30
47,43,31
47,43,32
47,43,33
47,44,21
47,44,22
47,44,23
47,44,24
47,44,25
47,44,26
47,44,27
47,44,28
47,44,29
47,44,30
47,44,31
47,44,32
47,45,20
47,45,21
47,45,22
47,45,23
47,45,24
47,45,25
47,45,26
47,45,27
47,45,28
47,45,29
47,45,30
47,45,31
47,45,32
47,46,20
47,46,21
47,46,22
47,46,23
47,46,24
47,46,25
47,46,26
47,46,27
47,46,28
47,47,20
47,47,21
47,47,22
47,47,23
47,56,25
47,56,26
48,20,13
48,20,14
48,20,15
48,21,12
48,21,13
48,22,11
48,22,12
48,25,40
48,25,41
48,26,39
48,26,40
48,26,41
48,27,33
48,27,34
48,27,35
48,27,36
48,27,37
48,27,38
48,27,39
48,27,40
48,27,41
48,27,42
48,28,33
48,28,34
48,28,35
48,28,36
48,28,37
48,28,38
48,28,39
48,28,40
48,28,41
48,28,42
48,29,32
48,29,33
48,29,34
48,29,35
48,29,36
48,29,37
48,29,38
48,29,39
48,29,40
48,29,41
48,29,42
48,30,32
48,30,33
48,30,34
48,30,35
48,30,36
48,30,37
48,31,33
48,31,34
48,31,35
48,42,27
48,42,28
48,43,23
48,43,24
48,43,25
48,43,26
48,43,27
48,43,28
48,43,29
48,43,30
48,43,31
48,44,22
48,44,23
48,44,24
48,44,25
48,44,26
48,44,27
48,44,28
48,44,29
48,44,30
48,44,31
48,44,32
48,45,21
48,45,22
48,45,23
48,45,24
48,45,25
48,45,26
48,45,27
48,45,28
48,45,29
48,45,30
48,45,31
48,45,32
48,46,21
48,46,22
48,46,23
48,46,24
48,46,25
48,46,26
48,46,27
48,46,28
48,47,21
48,47,22
48,47,23
49,25,39
49,26,38
49,26,39
49,26,40
49,27,33
49,27,34
49,27,35
49,27,36
49,27,37
49,27,38
49,27,39
49,27,40
49,28,32
49,28,33
49,28,34
49,28,35
49,28,36
49,28,37
49,28,38
49,28,39
49,28,40
49,29,32
49,29,33
49,29,34
49,29,35
49,29,36
49,29,37
49,29,38
49,29,39
49,29,40
49,30,32
49,30,33
49,30,34
49,30,35
49,30,36
49,30,37
49,30,38
49,30,39
49,30,40
49,31,32
49,31,33
49,31,34
49,31,35
49,31,36
49,32,33
49,43,23
49,43,24
49,43,25
49,43,26
49,43,27
49,43,28
49,43,29
49,44,22
49,44,23
49,44,24
49,44,25
49,44,26
49,44,27
49,44,28
49,44,29
49,44,30
49,44,31
49,45,21
49,45,22
49,45,23
49,45,24
49,45,25
49,45,26
49,45,27
49,45,28
49,45,29
49,45,30
49,45,31
49,45,32
49,46,22
49,46,23
49,46,24
49,46,25
49,46,26
49,46,27
49,46,28
50,26,34
50,26,35
50,26,36
50,26,37
50,26,38
50,27,32
50,27,33
50,27,34
50,27,35
50,27,36
50,27,37
50,27,38
50,27,39
50,28,32
50,28,33
50,28,34
50,28,35
50,28,36
50,28,37
50,28,38
50,28,39
50,28,40
50,29,31
50,29,32
50,29,33
50,29,34
50,29,35
50,29,36
50,29,37
50,29,38
50,29,39
50,29,40
50,30,31
50,30,32
50,30,33
50,30,34
50,30,35
50,30,36
50,30,37
50,30,38
50,30,39
50,30,40
50,31,32
50,31,33
50,31,34
50,31,35
50,31,36
50,31,39
50,31,40
50,32,33
50,32,34
50,43,23
50,43,24
50,43,25
50,43,26
50,43,27
50,44,22
50,44,23
50,44,24
50,44,25
50,44,26
50,44,27
50,44,28
50,44,29
50,44,30
50,45,24
50,45,25
50,45,26
50,45,27
50,45,28
50,45,29
50,45,30
50,45,31
50,45,32
50,45,33
50,46,25
50,46,26
50,46,27
50,46,28
50,46,29
50,46,30
50,46,31
50,46,32
50,46,33
51,26,33
51,26,34
51,26,35
51,27,32
51,27,33
51,27,34
51,27,35
51,27,36
51,28,31
51,28,32
51,28,33
51,28,34
51,28,35
51,28,36
51,29,30
51,29,31
51,29,32
51,29,33
51,29,34
51,29,35
51,29,36
51,29,37
51,30,30
51,30,31
51,30,32
51,30,33
51,30,34
51,30,35
51,30,36
51,30,37
51,31,31
51,31,32
51,31,33
51,31,34
51,31,35
51,31,36
51,31,37
51,31,38
51,32,33
51,32,34
52,26,32
52,27,31
52,27,32
52,27,33
52,28,30
52,28,31
52,28,32
52,28,33
52,28,34
52,29,29
52,29,30
52,29,31
52,29,32
52,29,33
52,29,34
52,30,29
52,30,30
52,30,31
52,30,32
52,30,33
52,30,34
52,30,35
52,31,30
52,31,31
52,31,32
52,31,33
52,31,34
52,31,35
52,32,32
52,32,33
52,32,34
52,32,35
52,33,33
52,33,34
52,34,32
52,34,33
52,34,34
